{
  "start_time": "2023-09-21 00:06:12",
  "rcvTow": 317187.992,
  "week": 2280,
  "leapS": 18,
  "numMeas": 49,
  "leapSec": 1,
  "clkReset": 0,
  "reserved1": 571649,
  "prMes_01": 23527229.524907667,
  "cpMes_01": 123636556.26421767,
  "doMes_01": -1270.503662109375,
  "gnssId_01": 2,
  "svId_01": 31,
  "sigId_01": 0,
  "freqId_01": 0,
  "locktime_01": 64500,
  "cno_01": 41,
  "prStd_01": 4,
  "cpStd_01": 2,
  "doStd_01": 6,
  "prValid_01": 1,
  "cpValid_01": 1,
  "halfCyc_01": 1,
  "subHalfCyc_01": 0,
  "reserved3_01": 0,
  "prMes_02": 34855653.240275875,
  "cpMes_02": 183167722.78006783,
  "doMes_02": -698.577880859375,
  "gnssId_02": 5,
  "svId_02": 4,
  "sigId_02": 0,
  "freqId_02": 0,
  "locktime_02": 64500,
  "cno_02": 43,
  "prStd_02": 3,
  "cpStd_02": 2,
  "doStd_02": 6,
  "prValid_02": 1,
  "cpValid_02": 1,
  "halfCyc_02": 1,
  "subHalfCyc_02": 1,
  "reserved3_02": 0,
  "prMes_03": 18527591.22413758,
  "cpMes_03": 97363135.60454637,
  "doMes_03": 1615.191650390625,
  "gnssId_03": 0,
  "svId_03": 7,
  "sigId_03": 0,
  "freqId_03": 0,
  "locktime_03": 64500,
  "cno_03": 35,
  "prStd_03": 5,
  "cpStd_03": 4,
  "doStd_03": 8,
  "prValid_03": 1,
  "cpValid_03": 1,
  "halfCyc_03": 1,
  "subHalfCyc_03": 1,
  "reserved3_03": 0,
  "prMes_04": 22079998.257977504,
  "cpMes_04": 116031130.6754515,
  "doMes_04": -153.52099609375,
  "gnssId_04": 2,
  "svId_04": 24,
  "sigId_04": 0,
  "freqId_04": 0,
  "locktime_04": 64500,
  "cno_04": 47,
  "prStd_04": 3,
  "cpStd_04": 1,
  "doStd_04": 5,
  "prValid_04": 1,
  "cpValid_04": 1,
  "halfCyc_04": 1,
  "subHalfCyc_04": 0,
  "reserved3_04": 0,
  "prMes_05": 34190652.83550308,
  "cpMes_05": 178039788.67251247,
  "doMes_05": -1119.16845703125,
  "gnssId_05": 3,
  "svId_05": 16,
  "sigId_05": 0,
  "freqId_05": 0,
  "locktime_05": 64500,
  "cno_05": 40,
  "prStd_05": 4,
  "cpStd_05": 2,
  "doStd_05": 7,
  "prValid_05": 1,
  "cpValid_05": 1,
  "halfCyc_05": 1,
  "subHalfCyc_05": 1,
  "reserved3_05": 0,
  "prMes_06": 19530313.07839545,
  "cpMes_06": 101699491.96740216,
  "doMes_06": -1177.466552734375,
  "gnssId_06": 3,
  "svId_06": 29,
  "sigId_06": 0,
  "freqId_06": 0,
  "locktime_06": 64500,
  "cno_06": 43,
  "prStd_06": 3,
  "cpStd_06": 1,
  "doStd_06": 6,
  "prValid_06": 1,
  "cpValid_06": 1,
  "halfCyc_06": 1,
  "subHalfCyc_06": 1,
  "reserved3_06": 0,
  "prMes_07": 34812678.753363974,
  "cpMes_07": 181278815.48122936,
  "doMes_07": -1425.9248046875,
  "gnssId_07": 3,
  "svId_07": 39,
  "sigId_07": 0,
  "freqId_07": 0,
  "locktime_07": 64500,
  "cno_07": 37,
  "prStd_07": 5,
  "cpStd_07": 3,
  "doStd_07": 7,
  "prValid_07": 1,
  "cpValid_07": 1,
  "halfCyc_07": 1,
  "subHalfCyc_07": 1,
  "reserved3_07": 0,
  "prMes_08": 34305545.894845426,
  "cpMes_08": 178638333.34288788,
  "doMes_08": -901.2874145507812,
  "gnssId_08": 3,
  "svId_08": 40,
  "sigId_08": 0,
  "freqId_08": 0,
  "locktime_08": 64500,
  "cno_08": 47,
  "prStd_08": 3,
  "cpStd_08": 1,
  "doStd_08": 5,
  "prValid_08": 1,
  "cpValid_08": 1,
  "halfCyc_08": 1,
  "subHalfCyc_08": 0,
  "reserved3_08": 0,
  "prMes_09": 34375594.318152845,
  "cpMes_09": 179002740.06475458,
  "doMes_09": -585.673583984375,
  "gnssId_09": 3,
  "svId_09": 10,
  "sigId_09": 0,
  "freqId_09": 0,
  "locktime_09": 0,
  "cno_09": 25,
  "prStd_09": 8,
  "cpStd_09": 15,
  "doStd_09": 10,
  "prValid_09": 1,
  "cpValid_09": 0,
  "halfCyc_09": 0,
  "subHalfCyc_09": 0,
  "reserved3_09": 0,
  "prMes_10": 33321840.446435113,
  "cpMes_10": 173515670.09407607,
  "doMes_10": -542.87109375,
  "gnssId_10": 3,
  "svId_10": 9,
  "sigId_10": 0,
  "freqId_10": 0,
  "locktime_10": 64500,
  "cno_10": 36,
  "prStd_10": 5,
  "cpStd_10": 3,
  "doStd_10": 8,
  "prValid_10": 1,
  "cpValid_10": 1,
  "halfCyc_10": 1,
  "subHalfCyc_10": 1,
  "reserved3_10": 0,
  "prMes_11": 18793087.326569386,
  "cpMes_11": 100424564.00235146,
  "doMes_11": -916.2394409179688,
  "gnssId_11": 6,
  "svId_11": 11,
  "sigId_11": 0,
  "freqId_11": 7,
  "locktime_11": 64500,
  "cno_11": 49,
  "prStd_11": 5,
  "cpStd_11": 1,
  "doStd_11": 5,
  "prValid_11": 1,
  "cpValid_11": 1,
  "halfCyc_11": 1,
  "subHalfCyc_11": 1,
  "reserved3_11": 0,
  "prMes_12": 20594491.410896737,
  "cpMes_12": 109896151.69736874,
  "doMes_12": -2209.26611328125,
  "gnssId_12": 6,
  "svId_12": 2,
  "sigId_12": 0,
  "freqId_12": 3,
  "locktime_12": 0,
  "cno_12": 19,
  "prStd_12": 10,
  "cpStd_12": 15,
  "doStd_12": 13,
  "prValid_12": 1,
  "cpValid_12": 0,
  "halfCyc_12": 0,
  "subHalfCyc_12": 0,
  "reserved3_12": 0,
  "prMes_13": 18918094.372199856,
  "cpMes_13": 99415251.84588024,
  "doMes_13": -2733.232421875,
  "gnssId_13": 0,
  "svId_13": 8,
  "sigId_13": 0,
  "freqId_13": 0,
  "locktime_13": 64500,
  "cno_13": 44,
  "prStd_13": 3,
  "cpStd_13": 1,
  "doStd_13": 6,
  "prValid_13": 1,
  "cpValid_13": 1,
  "halfCyc_13": 1,
  "subHalfCyc_13": 1,
  "reserved3_13": 0,
  "prMes_14": 36285499.372705854,
  "cpMes_14": 190681898.406045,
  "doMes_14": -832.6476440429688,
  "gnssId_14": 5,
  "svId_14": 3,
  "sigId_14": 0,
  "freqId_14": 0,
  "locktime_14": 64500,
  "cno_14": 44,
  "prStd_14": 3,
  "cpStd_14": 1,
  "doStd_14": 6,
  "prValid_14": 1,
  "cpValid_14": 1,
  "halfCyc_14": 1,
  "subHalfCyc_14": 1,
  "reserved3_14": 0,
  "prMes_15": 34743591.09995247,
  "cpMes_15": 182578806.6913239,
  "doMes_15": -334.854248046875,
  "gnssId_15": 5,
  "svId_15": 7,
  "sigId_15": 0,
  "freqId_15": 0,
  "locktime_15": 64500,
  "cno_15": 31,
  "prStd_15": 6,
  "cpStd_15": 5,
  "doStd_15": 8,
  "prValid_15": 1,
  "cpValid_15": 1,
  "halfCyc_15": 1,
  "subHalfCyc_15": 0,
  "reserved3_15": 0,
  "prMes_16": 22455010.844262227,
  "cpMes_16": 118002031.91241153,
  "doMes_16": 713.51708984375,
  "gnssId_16": 2,
  "svId_16": 12,
  "sigId_16": 0,
  "freqId_16": 0,
  "locktime_16": 64500,
  "cno_16": 42,
  "prStd_16": 4,
  "cpStd_16": 1,
  "doStd_16": 6,
  "prValid_16": 1,
  "cpValid_16": 1,
  "halfCyc_16": 1,
  "subHalfCyc_16": 0,
  "reserved3_16": 0,
  "prMes_17": 33980858.03170546,
  "cpMes_17": 176947433.21361214,
  "doMes_17": -656.4697265625,
  "gnssId_17": 3,
  "svId_17": 7,
  "sigId_17": 0,
  "freqId_17": 0,
  "locktime_17": 64500,
  "cno_17": 41,
  "prStd_17": 3,
  "cpStd_17": 2,
  "doStd_17": 6,
  "prValid_17": 1,
  "cpValid_17": 1,
  "halfCyc_17": 1,
  "subHalfCyc_17": 1,
  "reserved3_17": 0,
  "prMes_18": 33795818.73074335,
  "cpMes_18": 175983790.23501846,
  "doMes_18": -1027.210693359375,
  "gnssId_18": 3,
  "svId_18": 6,
  "sigId_18": 0,
  "freqId_18": 0,
  "locktime_18": 64500,
  "cno_18": 36,
  "prStd_18": 5,
  "cpStd_18": 3,
  "doStd_18": 7,
  "prValid_18": 1,
  "cpValid_18": 1,
  "halfCyc_18": 1,
  "subHalfCyc_18": 1,
  "reserved3_18": 0,
  "prMes_19": 17082313.494049467,
  "cpMes_19": 91186735.46949092,
  "doMes_19": 406.4025573730469,
  "gnssId_19": 6,
  "svId_19": 22,
  "sigId_19": 0,
  "freqId_19": 4,
  "locktime_19": 64500,
  "cno_19": 50,
  "prStd_19": 5,
  "cpStd_19": 1,
  "doStd_19": 4,
  "prValid_19": 1,
  "cpValid_19": 1,
  "halfCyc_19": 1,
  "subHalfCyc_19": 1,
  "reserved3_19": 0,
  "prMes_20": 18700089.26696473,
  "cpMes_20": 99892471.0325621,
  "doMes_20": 1520.951904296875,
  "gnssId_20": 6,
  "svId_20": 12,
  "sigId_20": 0,
  "freqId_20": 6,
  "locktime_20": 64500,
  "cno_20": 51,
  "prStd_20": 5,
  "cpStd_20": 1,
  "doStd_20": 4,
  "prValid_20": 1,
  "cpValid_20": 1,
  "halfCyc_20": 1,
  "subHalfCyc_20": 1,
  "reserved3_20": 0,
  "prMes_21": 18932679.276804276,
  "cpMes_21": 101312924.76584661,
  "doMes_21": -3276.763916015625,
  "gnssId_21": 6,
  "svId_21": 21,
  "sigId_21": 0,
  "freqId_21": 11,
  "locktime_21": 64500,
  "cno_21": 49,
  "prStd_21": 5,
  "cpStd_21": 1,
  "doStd_21": 5,