{
  "start_time": "2023-09-21 00:59:16",
  "rcvTow": 320371.993,
  "week": 2280,
  "leapS": 18,
  "numMeas": 48,
  "leapSec": 1,
  "clkReset": 0,
  "reserved1": 10369537,
  "prMes_01": 24325223.62691784,
  "cpMes_01": 127830032.98860598,
  "doMes_01": -1410.38525390625,
  "gnssId_01": 2,
  "svId_01": 31,
  "sigId_01": 0,
  "freqId_01": 0,
  "locktime_01": 64500,
  "cno_01": 39,
  "prStd_01": 4,
  "cpStd_01": 2,
  "doStd_01": 7,
  "prValid_01": 1,
  "cpValid_01": 1,
  "halfCyc_01": 1,
  "subHalfCyc_01": 0,
  "reserved3_01": 0,
  "prMes_02": 35244442.450567245,
  "cpMes_02": 185210856.8286392,
  "doMes_02": -582.681396484375,
  "gnssId_02": 5,
  "svId_02": 4,
  "sigId_02": 0,
  "freqId_02": 0,
  "locktime_02": 64500,
  "cno_02": 39,
  "prStd_02": 4,
  "cpStd_02": 2,
  "doStd_02": 7,
  "prValid_02": 1,
  "cpValid_02": 1,
  "halfCyc_02": 1,
  "subHalfCyc_02": 1,
  "reserved3_02": 0,
  "prMes_03": 18012692.892734297,
  "cpMes_03": 94657324.9974213,
  "doMes_03": -42.7900390625,
  "gnssId_03": 0,
  "svId_03": 7,
  "sigId_03": 0,
  "freqId_03": 0,
  "locktime_03": 64500,
  "cno_03": 37,
  "prStd_03": 5,
  "cpStd_03": 3,
  "doStd_03": 7,
  "prValid_03": 1,
  "cpValid_03": 1,
  "halfCyc_03": 1,
  "subHalfCyc_03": 1,
  "reserved3_03": 0,
  "prMes_04": 22170706.002024226,
  "cpMes_04": 116507804.67727838,
  "doMes_04": -176.174072265625,
  "gnssId_04": 2,
  "svId_04": 24,
  "sigId_04": 0,
  "freqId_04": 0,
  "locktime_04": 64500,
  "cno_04": 45,
  "prStd_04": 3,
  "cpStd_04": 1,
  "doStd_04": 6,
  "prValid_04": 1,
  "cpValid_04": 1,
  "halfCyc_04": 1,
  "subHalfCyc_04": 0,
  "reserved3_04": 0,
  "prMes_05": 35020783.45743512,
  "cpMes_05": 182362399.94808888,
  "doMes_05": -1579.530029296875,
  "gnssId_05": 3,
  "svId_05": 16,
  "sigId_05": 0,
  "freqId_05": 0,
  "locktime_05": 64500,
  "cno_05": 30,
  "prStd_05": 6,
  "cpStd_05": 7,
  "doStd_05": 9,
  "prValid_05": 1,
  "cpValid_05": 1,
  "halfCyc_05": 1,
  "subHalfCyc_05": 1,
  "reserved3_05": 0,
  "prMes_06": 20674683.32509902,
  "cpMes_06": 107658528.91810668,
  "doMes_06": -2453.21728515625,
  "gnssId_06": 3,
  "svId_06": 29,
  "sigId_06": 0,
  "freqId_06": 0,
  "locktime_06": 64500,
  "cno_06": 46,
  "prStd_06": 3,
  "cpStd_06": 1,
  "doStd_06": 5,
  "prValid_06": 1,
  "cpValid_06": 1,
  "halfCyc_06": 1,
  "subHalfCyc_06": 1,
  "reserved3_06": 0,
  "prMes_07": 35803791.63925814,
  "cpMes_07": 186439737.70522198,
  "doMes_07": -1790.1004638671875,
  "gnssId_07": 3,
  "svId_07": 39,
  "sigId_07": 0,
  "freqId_07": 0,
  "locktime_07": 0,
  "cno_07": 25,
  "prStd_07": 8,
  "cpStd_07": 15,
  "doStd_07": 10,
  "prValid_07": 1,
  "cpValid_07": 0,
  "halfCyc_07": 0,
  "subHalfCyc_07": 0,
  "reserved3_07": 0,
  "prMes_08": 34817856.9993809,
  "cpMes_08": 181306074.93770325,
  "doMes_08": -748.599365234375,
  "gnssId_08": 3,
  "svId_08": 40,
  "sigId_08": 0,
  "freqId_08": 0,
  "locktime_08": 64500,
  "cno_08": 43,
  "prStd_08": 3,
  "cpStd_08": 1,
  "doStd_08": 6,
  "prValid_08": 1,
  "cpValid_08": 1,
  "halfCyc_08": 1,
  "subHalfCyc_08": 0,
  "reserved3_08": 0,
  "prMes_09": 34710537.625677004,
  "cpMes_09": 180746877.8605168,
  "doMes_09": -488.7995910644531,
  "gnssId_09": 3,
  "svId_09": 10,
  "sigId_09": 0,
  "freqId_09": 0,
  "locktime_09": 0,
  "cno_09": 26,
  "prStd_09": 8,
  "cpStd_09": 15,
  "doStd_09": 10,
  "prValid_09": 1,
  "cpValid_09": 0,
  "halfCyc_09": 0,
  "subHalfCyc_09": 0,
  "reserved3_09": 0,
  "prMes_10": 33820070.78607194,
  "cpMes_10": 176109969.52127558,
  "doMes_10": -1088.9892578125,
  "gnssId_10": 3,
  "svId_10": 9,
  "sigId_10": 0,
  "freqId_10": 0,
  "locktime_10": 56460,
  "cno_10": 26,
  "prStd_10": 8,
  "cpStd_10": 9,
  "doStd_10": 8,
  "prValid_10": 1,
  "cpValid_10": 1,
  "halfCyc_10": 1,
  "subHalfCyc_10": 1,
  "reserved3_10": 0,
  "prMes_11": 19683454.272891603,
  "cpMes_11": 105182410.6420648,
  "doMes_11": -2150.572509765625,
  "gnssId_11": 6,
  "svId_11": 11,
  "sigId_11": 0,
  "freqId_11": 7,
  "locktime_11": 64500,
  "cno_11": 45,
  "prStd_11": 5,
  "cpStd_11": 1,
  "doStd_11": 6,
  "prValid_11": 1,
  "cpValid_11": 1,
  "halfCyc_11": 1,
  "subHalfCyc_11": 1,
  "reserved3_11": 0,
  "prMes_12": 17752022.447324533,
  "cpMes_12": 94961367.43465775,
  "doMes_12": 2010.6102294921875,
  "gnssId_12": 6,
  "svId_12": 23,
  "sigId_12": 0,
  "freqId_12": 10,
  "locktime_12": 9900,
  "cno_12": 28,
  "prStd_12": 7,
  "cpStd_12": 6,
  "doStd_12": 8,
  "prValid_12": 1,
  "cpValid_12": 1,
  "halfCyc_12": 1,
  "subHalfCyc_12": 0,
  "reserved3_12": 0,
  "prMes_13": 20755329.358749747,
  "cpMes_13": 109069984.38433005,
  "doMes_13": -3188.851318359375,
  "gnssId_13": 0,
  "svId_13": 8,
  "sigId_13": 0,
  "freqId_13": 0,
  "locktime_13": 64500,
  "cno_13": 43,
  "prStd_13": 3,
  "cpStd_13": 1,
  "doStd_13": 6,
  "prValid_13": 1,
  "cpValid_13": 1,
  "halfCyc_13": 1,
  "subHalfCyc_13": 1,
  "reserved3_13": 0,
  "prMes_14": 36832187.82729715,
  "cpMes_14": 193554776.95268303,
  "doMes_14": -958.740234375,
  "gnssId_14": 5,
  "svId_14": 3,
  "sigId_14": 0,
  "freqId_14": 0,
  "locktime_14": 64500,
  "cno_14": 41,
  "prStd_14": 4,
  "cpStd_14": 2,
  "doStd_14": 7,
  "prValid_14": 1,
  "cpValid_14": 1,
  "halfCyc_14": 1,
  "subHalfCyc_14": 1,
  "reserved3_14": 0,
  "prMes_15": 34946116.74346682,
  "cpMes_15": 183643086.0377981,
  "doMes_15": -333.327392578125,
  "gnssId_15": 5,
  "svId_15": 7,
  "sigId_15": 0,
  "freqId_15": 0,
  "locktime_15": 64500,
  "cno_15": 33,
  "prStd_15": 6,
  "cpStd_15": 4,
  "doStd_15": 8,
  "prValid_15": 1,
  "cpValid_15": 1,
  "halfCyc_15": 1,
  "subHalfCyc_15": 0,
  "reserved3_15": 0,
  "prMes_16": 22464965.176553827,
  "cpMes_16": 118054357.24856779,
  "doMes_16": -773.49951171875,
  "gnssId_16": 2,
  "svId_16": 12,
  "sigId_16": 0,
  "freqId_16": 0,
  "locktime_16": 64500,
  "cno_16": 42,
  "prStd_16": 4,
  "cpStd_16": 1,
  "doStd_16": 6,
  "prValid_16": 1,
  "cpValid_16": 1,
  "halfCyc_16": 1,
  "subHalfCyc_16": 0,
  "reserved3_16": 0,
  "prMes_17": 34352428.21695692,
  "cpMes_17": 178882300.2220713,
  "doMes_17": -540.345458984375,
  "gnssId_17": 3,
  "svId_17": 7,
  "sigId_17": 0,
  "freqId_17": 0,
  "locktime_17": 64500,
  "cno_17": 44,
  "prStd_17": 3,
  "cpStd_17": 1,
  "doStd_17": 6,
  "prValid_17": 1,
  "cpValid_17": 1,
  "halfCyc_17": 1,
  "subHalfCyc_17": 1,
  "reserved3_17": 0,
  "prMes_18": 17679822.289658926,
  "cpMes_18": 94376282.7407905,
  "doMes_18": -2322.477783203125,
  "gnssId_18": 6,
  "svId_18": 22,
  "sigId_18": 0,
  "freqId_18": 4,
  "locktime_18": 64500,
  "cno_18": 48,
  "prStd_18": 5,
  "cpStd_18": 1,
  "doStd_18": 5,
  "prValid_18": 1,
  "cpValid_18": 1,
  "halfCyc_18": 1,
  "subHalfCyc_18": 1,
  "reserved3_18": 0,
  "prMes_19": 17919213.177175455,
  "cpMes_19": 95721178.75812064,
  "doMes_19": 940.6150512695312,
  "gnssId_19": 6,
  "svId_19": 12,
  "sigId_19": 0,
  "freqId_19": 6,
  "locktime_19": 64500,
  "cno_19": 49,
  "prStd_19": 5,
  "cpStd_19": 1,
  "doStd_19": 5,
  "prValid_19": 1,
  "cpValid_19": 1,
  "halfCyc_19": 1,
  "subHalfCyc_19": 1,
  "reserved3_19": 0,
  "prMes_20": 21322680.253395114,
  "cpMes_20": 114101853.65584224,
  "doMes_20": -4496.43115234375,
  "gnssId_20": 6,
  "svId_20": 21,
  "sigId_20": 0,
  "freqId_20": 11,
  "locktime_20": 64500,
  "cno_20": 36,
  "prStd_20": 6,
  "cpStd_20": 3,
  "doStd_20": 7,
  "prValid_20": 1,
  "cpValid_20": 1,
  "halfCyc_20": 1,
  "subHalfCyc_20": 1,
  "reserved3_20": 0,
  "prMes_21": 21884615.415346526,
  "cpMes_21": 115004607.22034767,
  "doMes_21": 596.54345703125,
  "gnssId_21": 2,
  "svId_21": 10,
  "sigId_21": 0,
  "freqId_21": 0,
  "locktime_21": 64500,
  "cno_21": 45,
  "prStd_21": 3,
  "cpStd_21": 1,
  "doStd_21": 5,