{
  "start_time": "2023-09-21 00:51:01",
  "rcvTow": 319876.993,
  "week": 2280,
  "leapS": 18,
  "numMeas": 52,
  "leapSec": 1,
  "clkReset": 0,
  "reserved1": 1090049,
  "prMes_01": 24194354.11788674,
  "cpMes_01": 127142310.83968033,
  "doMes_01": -1369.67919921875,
  "gnssId_01": 2,
  "svId_01": 31,
  "sigId_01": 0,
  "freqId_01": 0,
  "locktime_01": 64500,
  "cno_01": 42,
  "prStd_01": 4,
  "cpStd_01": 2,
  "doStd_01": 6,
  "prValid_01": 1,
  "cpValid_01": 1,
  "halfCyc_01": 1,
  "subHalfCyc_01": 0,
  "reserved3_01": 0,
  "prMes_02": 19251617.672792513,
  "cpMes_02": 101167938.05768654,
  "doMes_02": 1838.00048828125,
  "gnssId_02": 0,
  "svId_02": 30,
  "sigId_02": 0,
  "freqId_02": 0,
  "locktime_02": 64500,
  "cno_02": 31,
  "prStd_02": 6,
  "cpStd_02": 5,
  "doStd_02": 8,
  "prValid_02": 1,
  "cpValid_02": 1,
  "halfCyc_02": 1,
  "subHalfCyc_02": 0,
  "reserved3_02": 0,
  "prMes_03": 35188681.82977825,
  "cpMes_03": 184917830.79506707,
  "doMes_03": -601.07666015625,
  "gnssId_03": 5,
  "svId_03": 4,
  "sigId_03": 0,
  "freqId_03": 0,
  "locktime_03": 64500,
  "cno_03": 37,
  "prStd_03": 5,
  "cpStd_03": 3,
  "doStd_03": 7,
  "prValid_03": 1,
  "cpValid_03": 1,
  "halfCyc_03": 1,
  "subHalfCyc_03": 1,
  "reserved3_03": 0,
  "prMes_04": 18023043.300086625,
  "cpMes_04": 94711715.02978611,
  "doMes_04": 260.7255859375,
  "gnssId_04": 0,
  "svId_04": 7,
  "sigId_04": 0,
  "freqId_04": 0,
  "locktime_04": 64500,
  "cno_04": 38,
  "prStd_04": 4,
  "cpStd_04": 3,
  "doStd_04": 7,
  "prValid_04": 1,
  "cpValid_04": 1,
  "halfCyc_04": 1,
  "subHalfCyc_04": 1,
  "reserved3_04": 0,
  "prMes_05": 22154986.122468095,
  "cpMes_05": 116425193.07238574,
  "doMes_05": -158.751220703125,
  "gnssId_05": 2,
  "svId_05": 24,
  "sigId_05": 0,
  "freqId_05": 0,
  "locktime_05": 64500,
  "cno_05": 45,
  "prStd_05": 3,
  "cpStd_05": 1,
  "doStd_05": 5,
  "prValid_05": 1,
  "cpValid_05": 1,
  "halfCyc_05": 1,
  "subHalfCyc_05": 0,
  "reserved3_05": 0,
  "prMes_06": 34873731.557387985,
  "cpMes_06": 181596753.28219175,
  "doMes_06": -1514.81396484375,
  "gnssId_06": 3,
  "svId_06": 16,
  "sigId_06": 0,
  "freqId_06": 0,
  "locktime_06": 64500,
  "cno_06": 32,
  "prStd_06": 5,
  "cpStd_06": 5,
  "doStd_06": 8,
  "prValid_06": 1,
  "cpValid_06": 1,
  "halfCyc_06": 1,
  "subHalfCyc_06": 1,
  "reserved3_06": 0,
  "prMes_07": 20448549.34014878,
  "cpMes_07": 106480986.28686173,
  "doMes_07": -2301.19140625,
  "gnssId_07": 3,
  "svId_07": 29,
  "sigId_07": 0,
  "freqId_07": 0,
  "locktime_07": 64500,
  "cno_07": 47,
  "prStd_07": 3,
  "cpStd_07": 1,
  "doStd_07": 5,
  "prValid_07": 1,
  "cpValid_07": 1,
  "halfCyc_07": 1,
  "subHalfCyc_07": 1,
  "reserved3_07": 0,
  "prMes_08": 35635803.1574763,
  "cpMes_08": 185564978.29687923,
  "doMes_08": -1744.195556640625,
  "gnssId_08": 3,
  "svId_08": 39,
  "sigId_08": 0,
  "freqId_08": 0,
  "locktime_08": 64500,
  "cno_08": 30,
  "prStd_08": 6,
  "cpStd_08": 6,
  "doStd_08": 8,
  "prValid_08": 1,
  "cpValid_08": 1,
  "halfCyc_08": 1,
  "subHalfCyc_08": 1,
  "reserved3_08": 0,
  "prMes_09": 34745098.14159433,
  "cpMes_09": 180927199.25961095,
  "doMes_09": -781.7678833007812,
  "gnssId_09": 3,
  "svId_09": 40,
  "sigId_09": 0,
  "freqId_09": 0,
  "locktime_09": 64500,
  "cno_09": 45,
  "prStd_09": 3,
  "cpStd_09": 1,
  "doStd_09": 6,
  "prValid_09": 1,
  "cpValid_09": 1,
  "halfCyc_09": 1,
  "subHalfCyc_09": 0,
  "reserved3_09": 0,
  "prMes_10": 34662963.718001865,
  "cpMes_10": 180499160.85958105,
  "doMes_10": -512.154541015625,
  "gnssId_10": 3,
  "svId_10": 10,
  "sigId_10": 0,
  "freqId_10": 0,
  "locktime_10": 64500,
  "cno_10": 28,
  "prStd_10": 6,
  "cpStd_10": 6,
  "doStd_10": 8,
  "prValid_10": 1,
  "cpValid_10": 1,
  "halfCyc_10": 1,
  "subHalfCyc_10": 1,
  "reserved3_10": 0,
  "prMes_11": 33720592.897424035,
  "cpMes_11": 175591976.05048284,
  "doMes_11": -1004.1448364257812,
  "gnssId_11": 3,
  "svId_11": 9,
  "sigId_11": 0,
  "freqId_11": 0,
  "locktime_11": 0,
  "cno_11": 27,
  "prStd_11": 8,
  "cpStd_11": 15,
  "doStd_11": 10,
  "prValid_11": 1,
  "cpValid_11": 0,
  "halfCyc_11": 0,
  "subHalfCyc_11": 0,
  "reserved3_11": 0,
  "prMes_12": 19494400.49140375,
  "cpMes_12": 104172163.66783176,
  "doMes_12": -1932.0853271484375,
  "gnssId_12": 6,
  "svId_12": 11,
  "sigId_12": 0,
  "freqId_12": 7,
  "locktime_12": 64500,
  "cno_12": 47,
  "prStd_12": 5,
  "cpStd_12": 1,
  "doStd_12": 5,
  "prValid_12": 1,
  "cpValid_12": 1,
  "halfCyc_12": 1,
  "subHalfCyc_12": 1,
  "reserved3_12": 0,
  "prMes_13": 17954901.431084182,
  "cpMes_13": 96046614.74841964,
  "doMes_13": 2372.860595703125,
  "gnssId_13": 6,
  "svId_13": 23,
  "sigId_13": 0,
  "freqId_13": 10,
  "locktime_13": 0,
  "cno_13": 22,
  "prStd_13": 10,
  "cpStd_13": 15,
  "doStd_13": 12,
  "prValid_13": 1,
  "cpValid_13": 0,
  "halfCyc_13": 0,
  "subHalfCyc_13": 0,
  "reserved3_13": 0,
  "prMes_14": 21265726.60222508,
  "cpMes_14": 113438092.68655057,
  "doMes_14": -4413.1953125,
  "gnssId_14": 6,
  "svId_14": 255,
  "sigId_14": 0,
  "freqId_14": 2,
  "locktime_14": 15000,
  "cno_14": 41,
  "prStd_14": 5,
  "cpStd_14": 2,
  "doStd_14": 6,
  "prValid_14": 1,
  "cpValid_14": 1,
  "halfCyc_14": 1,
  "subHalfCyc_14": 1,
  "reserved3_14": 0,
  "prMes_15": 21941189.521044806,
  "cpMes_15": 117082390.52851468,
  "doMes_15": -2927.07470703125,
  "gnssId_15": 6,
  "svId_15": 2,
  "sigId_15": 0,
  "freqId_15": 3,
  "locktime_15": 0,
  "cno_15": 14,
  "prStd_15": 10,
  "cpStd_15": 15,
  "doStd_15": 12,
  "prValid_15": 1,
  "cpValid_15": 0,
  "halfCyc_15": 0,
  "subHalfCyc_15": 0,
  "reserved3_15": 0,
  "prMes_16": 20455640.758931465,
  "cpMes_16": 107495112.62204261,
  "doMes_16": -3171.414306640625,
  "gnssId_16": 0,
  "svId_16": 8,
  "sigId_16": 0,
  "freqId_16": 0,
  "locktime_16": 64500,
  "cno_16": 43,
  "prStd_16": 3,
  "cpStd_16": 1,
  "doStd_16": 6,
  "prValid_16": 1,
  "cpValid_16": 1,
  "halfCyc_16": 1,
  "subHalfCyc_16": 1,
  "reserved3_16": 0,
  "prMes_17": 36742542.81986841,
  "cpMes_17": 193083690.02747017,
  "doMes_17": -944.37255859375,
  "gnssId_17": 5,
  "svId_17": 3,
  "sigId_17": 0,
  "freqId_17": 0,
  "locktime_17": 64500,
  "cno_17": 41,
  "prStd_17": 4,
  "cpStd_17": 1,
  "doStd_17": 6,
  "prValid_17": 1,
  "cpValid_17": 1,
  "halfCyc_17": 1,
  "subHalfCyc_17": 1,
  "reserved3_17": 0,
  "prMes_18": 34914713.56768904,
  "cpMes_18": 183478060.2272727,
  "doMes_18": -332.94873046875,
  "gnssId_18": 5,
  "svId_18": 7,
  "sigId_18": 0,
  "freqId_18": 0,
  "locktime_18": 64500,
  "cno_18": 32,
  "prStd_18": 6,
  "cpStd_18": 5,
  "doStd_18": 8,
  "prValid_18": 1,
  "cpValid_18": 1,
  "halfCyc_18": 1,
  "subHalfCyc_18": 0,
  "reserved3_18": 0,
  "prMes_19": 22403265.733631607,
  "cpMes_19": 117730122.86812204,
  "doMes_19": -536.281005859375,
  "gnssId_19": 2,
  "svId_19": 12,
  "sigId_19": 0,
  "freqId_19": 0,
  "locktime_19": 64500,
  "cno_19": 44,
  "prStd_19": 4,
  "cpStd_19": 1,
  "doStd_19": 6,
  "prValid_19": 1,
  "cpValid_19": 1,
  "halfCyc_19": 1,
  "subHalfCyc_19": 0,
  "reserved3_19": 0,
  "prMes_20": 34299871.3419507,
  "cpMes_20": 178608622.55074486,
  "doMes_20": -565.142822265625,
  "gnssId_20": 3,
  "svId_20": 7,
  "sigId_20": 0,
  "freqId_20": 0,
  "locktime_20": 64500,
  "cno_20": 44,
  "prStd_20": 3,
  "cpStd_20": 1,
  "doStd_20": 6,
  "prValid_20": 1,
  "cpValid_20": 1,
  "halfCyc_20": 1,
  "subHalfCyc_20": 1,
  "reserved3_20": 0,
  "prMes_21": 34434595.70689718,
  "cpMes_21": 179309975.76249832,
  "doMes_21": -1443.6558837890625,
  "gnssId_21": 3,
  "svId_21": 6,
  "sigId_21": 0,
  "freqId_21": 0,
  "locktime_21": 0,
  "cno_21": 22,
  "prStd_21": 9,
  "cpStd_21": 15,
  "doStd_21": 12,