{
  "start_time": "2023-09-21 00:42:56",
  "rcvTow": 319391.993,
  "week": 2280,
  "leapS": 18,
  "numMeas": 52,
  "leapSec": 1,
  "clkReset": 0,
  "reserved1": 11147777,
  "prMes_01": 24069462.34902286,
  "cpMes_01": 126486004.58942142,
  "doMes_01": -1337.145263671875,
  "gnssId_01": 2,
  "svId_01": 31,
  "sigId_01": 0,
  "freqId_01": 0,
  "locktime_01": 64500,
  "cno_01": 42,
  "prStd_01": 4,
  "cpStd_01": 2,
  "doStd_01": 6,
  "prValid_01": 1,
  "cpValid_01": 1,
  "halfCyc_01": 1,
  "subHalfCyc_01": 0,
  "reserved3_01": 0,
  "prMes_02": 35132324.37412928,
  "cpMes_02": 184621671.63996148,
  "doMes_02": -619.537353515625,
  "gnssId_02": 5,
  "svId_02": 4,
  "sigId_02": 0,
  "freqId_02": 0,
  "locktime_02": 64500,
  "cno_02": 37,
  "prStd_02": 5,
  "cpStd_02": 4,
  "doStd_02": 8,
  "prValid_02": 1,
  "cpValid_02": 1,
  "halfCyc_02": 1,
  "subHalfCyc_02": 1,
  "reserved3_02": 0,
  "prMes_03": 18060293.4850032,
  "cpMes_03": 94907469.05331479,
  "doMes_03": 544.763671875,
  "gnssId_03": 0,
  "svId_03": 7,
  "sigId_03": 0,
  "freqId_03": 0,
  "locktime_03": 64500,
  "cno_03": 38,
  "prStd_03": 5,
  "cpStd_03": 3,
  "doStd_03": 7,
  "prValid_03": 1,
  "cpValid_03": 1,
  "halfCyc_03": 1,
  "subHalfCyc_03": 1,
  "reserved3_03": 0,
  "prMes_04": 22140824.549589746,
  "cpMes_04": 116350775.00832646,
  "doMes_04": -148.3662109375,
  "gnssId_04": 2,
  "svId_04": 24,
  "sigId_04": 0,
  "freqId_04": 0,
  "locktime_04": 64500,
  "cno_04": 43,
  "prStd_04": 4,
  "cpStd_04": 1,
  "doStd_04": 6,
  "prValid_04": 1,
  "cpValid_04": 1,
  "halfCyc_04": 1,
  "subHalfCyc_04": 0,
  "reserved3_04": 0,
  "prMes_05": 34735642.53854995,
  "cpMes_05": 180877690.6818932,
  "doMes_05": -1449.0216064453125,
  "gnssId_05": 3,
  "svId_05": 16,
  "sigId_05": 0,
  "freqId_05": 0,
  "locktime_05": 64500,
  "cno_05": 33,
  "prStd_05": 5,
  "cpStd_05": 4,
  "doStd_05": 8,
  "prValid_05": 1,
  "cpValid_05": 1,
  "halfCyc_05": 1,
  "subHalfCyc_05": 1,
  "reserved3_05": 0,
  "prMes_06": 20241781.50856641,
  "cpMes_06": 105404293.02424353,
  "doMes_06": -2134.947998046875,
  "gnssId_06": 3,
  "svId_06": 29,
  "sigId_06": 0,
  "freqId_06": 0,
  "locktime_06": 64500,
  "cno_06": 46,
  "prStd_06": 3,
  "cpStd_06": 1,
  "doStd_06": 5,
  "prValid_06": 1,
  "cpValid_06": 1,
  "halfCyc_06": 1,
  "subHalfCyc_06": 1,
  "reserved3_06": 0,
  "prMes_07": 35475566.45734775,
  "cpMes_07": 184730582.5886734,
  "doMes_07": -1695.501708984375,
  "gnssId_07": 3,
  "svId_07": 39,
  "sigId_07": 0,
  "freqId_07": 0,
  "locktime_07": 64500,
  "cno_07": 30,
  "prStd_07": 6,
  "cpStd_07": 6,
  "doStd_07": 9,
  "prValid_07": 1,
  "cpValid_07": 1,
  "halfCyc_07": 1,
  "subHalfCyc_07": 1,
  "reserved3_07": 0,
  "prMes_08": 34670830.9477829,
  "cpMes_08": 180540467.66929406,
  "doMes_08": -811.7442016601562,
  "gnssId_08": 3,
  "svId_08": 40,
  "sigId_08": 0,
  "freqId_08": 0,
  "locktime_08": 64500,
  "cno_08": 47,
  "prStd_08": 3,
  "cpStd_08": 1,
  "doStd_08": 5,
  "prValid_08": 1,
  "cpValid_08": 1,
  "halfCyc_08": 1,
  "subHalfCyc_08": 0,
  "reserved3_08": 0,
  "prMes_09": 34614303.85284361,
  "cpMes_09": 180245760.5752888,
  "doMes_09": -531.834716796875,
  "gnssId_09": 3,
  "svId_09": 10,
  "sigId_09": 0,
  "freqId_09": 0,
  "locktime_09": 64500,
  "cno_09": 30,
  "prStd_09": 6,
  "cpStd_09": 6,
  "doStd_09": 8,
  "prValid_09": 1,
  "cpValid_09": 1,
  "halfCyc_09": 1,
  "subHalfCyc_09": 1,
  "reserved3_09": 0,
  "prMes_10": 33630925.224954486,
  "cpMes_10": 175125052.92668033,
  "doMes_10": -920.077880859375,
  "gnssId_10": 3,
  "svId_10": 9,
  "sigId_10": 0,
  "freqId_10": 0,
  "locktime_10": 0,
  "cno_10": 25,
  "prStd_10": 8,
  "cpStd_10": 15,
  "doStd_10": 10,
  "prValid_10": 1,
  "cpValid_10": 0,
  "halfCyc_10": 0,
  "subHalfCyc_10": 0,
  "reserved3_10": 0,
  "prMes_11": 19328489.744436793,
  "cpMes_11": 103285585.10841314,
  "doMes_11": -1724.4505615234375,
  "gnssId_11": 6,
  "svId_11": 11,
  "sigId_11": 0,
  "freqId_11": 7,
  "locktime_11": 64500,
  "cno_11": 49,
  "prStd_11": 5,
  "cpStd_11": 1,
  "doStd_11": 4,
  "prValid_11": 1,
  "cpValid_11": 1,
  "halfCyc_11": 1,
  "subHalfCyc_11": 1,
  "reserved3_11": 0,
  "prMes_12": 18184792.87404809,
  "cpMes_12": 97276202.96825688,
  "doMes_12": 2697.195068359375,
  "gnssId_12": 6,
  "svId_12": 23,
  "sigId_12": 0,
  "freqId_12": 10,
  "locktime_12": 16940,
  "cno_12": 26,
  "prStd_12": 8,
  "cpStd_12": 9,
  "doStd_12": 8,
  "prValid_12": 1,
  "cpValid_12": 1,
  "halfCyc_12": 1,
  "subHalfCyc_12": 1,
  "reserved3_12": 0,
  "prMes_13": 20869137.655825652,
  "cpMes_13": 111322559.94517142,
  "doMes_13": -4304.04931640625,
  "gnssId_13": 6,
  "svId_13": 255,
  "sigId_13": 0,
  "freqId_13": 2,
  "locktime_13": 6000,
  "cno_13": 41,
  "prStd_13": 5,
  "cpStd_13": 1,
  "doStd_13": 6,
  "prValid_13": 1,
  "cpValid_13": 1,
  "halfCyc_13": 1,
  "subHalfCyc_13": 1,
  "reserved3_13": 0,
  "prMes_14": 20164342.371291663,
  "cpMes_14": 105964330.09428969,
  "doMes_14": -3137.462646484375,
  "gnssId_14": 0,
  "svId_14": 8,
  "sigId_14": 0,
  "freqId_14": 0,
  "locktime_14": 64500,
  "cno_14": 43,
  "prStd_14": 3,
  "cpStd_14": 1,
  "doStd_14": 6,
  "prValid_14": 1,
  "cpValid_14": 1,
  "halfCyc_14": 1,
  "subHalfCyc_14": 1,
  "reserved3_14": 0,
  "prMes_15": 36656053.5976252,
  "cpMes_15": 192629183.35710663,
  "doMes_15": -928.955078125,
  "gnssId_15": 5,
  "svId_15": 3,
  "sigId_15": 0,
  "freqId_15": 0,
  "locktime_15": 64500,
  "cno_15": 42,
  "prStd_15": 3,
  "cpStd_15": 1,
  "doStd_15": 6,
  "prValid_15": 1,
  "cpValid_15": 1,
  "halfCyc_15": 1,
  "subHalfCyc_15": 1,
  "reserved3_15": 0,
  "prMes_16": 34883870.32151513,
  "cpMes_16": 183315978.25674936,
  "doMes_16": -333.662841796875,
  "gnssId_16": 5,
  "svId_16": 7,
  "sigId_16": 0,
  "freqId_16": 0,
  "locktime_16": 64500,
  "cno_16": 32,
  "prStd_16": 6,
  "cpStd_16": 4,
  "doStd_16": 8,
  "prValid_16": 1,
  "cpValid_16": 1,
  "halfCyc_16": 1,
  "subHalfCyc_16": 0,
  "reserved3_16": 0,
  "prMes_17": 22364511.10736937,
  "cpMes_17": 117526470.15723778,
  "doMes_17": -302.967041015625,
  "gnssId_17": 2,
  "svId_17": 12,
  "sigId_17": 0,
  "freqId_17": 0,
  "locktime_17": 64500,
  "cno_17": 40,
  "prStd_17": 4,
  "cpStd_17": 2,
  "doStd_17": 6,
  "prValid_17": 1,
  "cpValid_17": 1,
  "halfCyc_17": 1,
  "subHalfCyc_17": 0,
  "reserved3_17": 0,
  "prMes_18": 34246135.90408745,
  "cpMes_18": 178328807.2549939,
  "doMes_18": -587.728271484375,
  "gnssId_18": 3,
  "svId_18": 7,
  "sigId_18": 0,
  "freqId_18": 0,
  "locktime_18": 64500,
  "cno_18": 44,
  "prStd_18": 3,
  "cpStd_18": 1,
  "doStd_18": 6,
  "prValid_18": 1,
  "cpValid_18": 1,
  "halfCyc_18": 1,
  "subHalfCyc_18": 1,
  "reserved3_18": 0,
  "prMes_19": 34303763.61294773,
  "cpMes_19": 178628698.4063007,
  "doMes_19": -1368.4931640625,
  "gnssId_19": 3,
  "svId_19": 6,
  "sigId_19": 0,
  "freqId_19": 0,
  "locktime_19": 0,
  "cno_19": 25,
  "prStd_19": 8,
  "cpStd_19": 15,
  "doStd_19": 10,
  "prValid_19": 1,
  "cpValid_19": 0,
  "halfCyc_19": 0,
  "subHalfCyc_19": 0,
  "reserved3_19": 0,
  "prMes_20": 17322778.34474665,
  "cpMes_20": 92470357.01480594,
  "doMes_20": -1550.45068359375,
  "gnssId_20": 6,
  "svId_20": 22,
  "sigId_20": 0,
  "freqId_20": 4,
  "locktime_20": 64500,
  "cno_20": 47,
  "prStd_20": 5,
  "cpStd_20": 1,
  "doStd_20": 5,
  "prValid_20": 1,
  "cpValid_20": 1,
  "halfCyc_20": 1,
  "subHalfCyc_20": 1,
  "reserved3_20": 0,
  "prMes_21": 18119224.561209474,
  "cpMes_21": 96789606.4723517,
  "doMes_21": 1223.19775390625,
  "gnssId_21": 6,
  "svId_21": 12,
  "sigId_21": 0,
  "freqId_21": 6,
  "locktime_21": 64500,
  "cno_21": 45,
  "prStd_21": 5,
  "cpStd_21": 1,
  "doStd_21": 6,