{
  "start_time": "2023-09-21 00:25:13",
  "rcvTow": 318328.992,
  "week": 2280,
  "leapS": 18,
  "numMeas": 50,
  "leapSec": 1,
  "clkReset": 0,
  "reserved1": 7454977,
  "prMes_01": 23804431.03684,
  "cpMes_01": 125093252.60480367,
  "doMes_01": -1288.579833984375,
  "gnssId_01": 2,
  "svId_01": 31,
  "sigId_01": 0,
  "freqId_01": 0,
  "locktime_01": 64500,
  "cno_01": 43,
  "prStd_01": 4,
  "cpStd_01": 2,
  "doStd_01": 6,
  "prValid_01": 1,
  "cpValid_01": 1,
  "halfCyc_01": 1,
  "subHalfCyc_01": 0,
  "reserved3_01": 0,
  "prMes_02": 19880832.60173759,
  "cpMes_02": 104474479.48999816,
  "doMes_02": 2396.496337890625,
  "gnssId_02": 0,
  "svId_02": 30,
  "sigId_02": 0,
  "freqId_02": 0,
  "locktime_02": 0,
  "cno_02": 25,
  "prStd_02": 8,
  "cpStd_02": 15,
  "doStd_02": 10,
  "prValid_02": 1,
  "cpValid_02": 0,
  "halfCyc_02": 0,
  "subHalfCyc_02": 0,
  "reserved3_02": 0,
  "prMes_03": 35003045.2080723,
  "cpMes_03": 183942288.23857895,
  "doMes_03": -658.818115234375,
  "gnssId_03": 5,
  "svId_03": 4,
  "sigId_03": 0,
  "freqId_03": 0,
  "locktime_03": 64500,
  "cno_03": 43,
  "prStd_03": 3,
  "cpStd_03": 1,
  "doStd_03": 6,
  "prValid_03": 1,
  "cpValid_03": 1,
  "halfCyc_03": 1,
  "subHalfCyc_03": 1,
  "reserved3_03": 0,
  "prMes_04": 18229354.43720427,
  "cpMes_04": 95795887.94242597,
  "doMes_04": 1112.874755859375,
  "gnssId_04": 0,
  "svId_04": 7,
  "sigId_04": 0,
  "freqId_04": 0,
  "locktime_04": 64500,
  "cno_04": 36,
  "prStd_04": 5,
  "cpStd_04": 3,
  "doStd_04": 8,
  "prValid_04": 1,
  "cpValid_04": 1,
  "halfCyc_04": 1,
  "subHalfCyc_04": 1,
  "reserved3_04": 0,
  "prMes_05": 22111816.36405549,
  "cpMes_05": 116198338.17492306,
  "doMes_05": -141.8603515625,
  "gnssId_05": 2,
  "svId_05": 24,
  "sigId_05": 0,
  "freqId_05": 0,
  "locktime_05": 64500,
  "cno_05": 44,
  "prStd_05": 3,
  "cpStd_05": 1,
  "doStd_05": 5,
  "prValid_05": 1,
  "cpValid_05": 1,
  "halfCyc_05": 1,
  "subHalfCyc_05": 0,
  "reserved3_05": 0,
  "prMes_06": 34455314.70640394,
  "cpMes_06": 179417949.75694895,
  "doMes_06": -1295.301513671875,
  "gnssId_06": 3,
  "svId_06": 16,
  "sigId_06": 0,
  "freqId_06": 0,
  "locktime_06": 64500,
  "cno_06": 37,
  "prStd_06": 5,
  "cpStd_06": 3,
  "doStd_06": 7,
  "prValid_06": 1,
  "cpValid_06": 1,
  "halfCyc_06": 1,
  "subHalfCyc_06": 1,
  "reserved3_06": 0,
  "prMes_07": 19847959.1732945,
  "cpMes_07": 103353559.99515226,
  "doMes_07": -1710.38916015625,
  "gnssId_07": 3,
  "svId_07": 29,
  "sigId_07": 0,
  "freqId_07": 0,
  "locktime_07": 64500,
  "cno_07": 45,
  "prStd_07": 3,
  "cpStd_07": 1,
  "doStd_07": 6,
  "prValid_07": 1,
  "cpValid_07": 1,
  "halfCyc_07": 1,
  "subHalfCyc_07": 1,
  "reserved3_07": 0,
  "prMes_08": 35141576.26864098,
  "cpMes_08": 182991465.68749097,
  "doMes_08": -1573.4345703125,
  "gnssId_08": 3,
  "svId_08": 39,
  "sigId_08": 0,
  "freqId_08": 0,
  "locktime_08": 64500,
  "cno_08": 33,
  "prStd_08": 5,
  "cpStd_08": 4,
  "doStd_08": 8,
  "prValid_08": 1,
  "cpValid_08": 1,
  "halfCyc_08": 1,
  "subHalfCyc_08": 1,
  "reserved3_08": 0,
  "prMes_09": 34499424.963915676,
  "cpMes_09": 179647913.78304955,
  "doMes_09": -864.871826171875,
  "gnssId_09": 3,
  "svId_09": 40,
  "sigId_09": 0,
  "freqId_09": 0,
  "locktime_09": 64500,
  "cno_09": 48,
  "prStd_09": 3,
  "cpStd_09": 1,
  "doStd_09": 5,
  "prValid_09": 1,
  "cpValid_09": 1,
  "halfCyc_09": 1,
  "subHalfCyc_09": 0,
  "reserved3_09": 0,
  "prMes_10": 34502030.40504155,
  "cpMes_10": 179661105.34754252,
  "doMes_10": -566.099853515625,
  "gnssId_10": 3,
  "svId_10": 10,
  "sigId_10": 0,
  "freqId_10": 0,
  "locktime_10": 64500,
  "cno_10": 28,
  "prStd_10": 7,
  "cpStd_10": 7,
  "doStd_10": 8,
  "prValid_10": 1,
  "cpValid_10": 1,
  "halfCyc_10": 1,
  "subHalfCyc_10": 1,
  "reserved3_10": 0,
  "prMes_11": 33461816.06373487,
  "cpMes_11": 174244556.80925706,
  "doMes_11": -736.6821899414062,
  "gnssId_11": 3,
  "svId_11": 9,
  "sigId_11": 0,
  "freqId_11": 0,
  "locktime_11": 64500,
  "cno_11": 33,
  "prStd_11": 5,
  "cpStd_11": 4,
  "doStd_11": 8,
  "prValid_11": 1,
  "cpValid_11": 1,
  "halfCyc_11": 1,
  "subHalfCyc_11": 1,
  "reserved3_11": 0,
  "prMes_12": 19028389.333928633,
  "cpMes_12": 101681942.68318848,
  "doMes_12": -1301.4781494140625,
  "gnssId_12": 6,
  "svId_12": 11,
  "sigId_12": 0,
  "freqId_12": 7,
  "locktime_12": 64500,
  "cno_12": 50,
  "prStd_12": 5,
  "cpStd_12": 1,
  "doStd_12": 5,
  "prValid_12": 1,
  "cpValid_12": 1,
  "halfCyc_12": 1,
  "subHalfCyc_12": 1,
  "reserved3_12": 0,
  "prMes_13": 18784251.4860701,
  "cpMes_13": 100482972.51665981,
  "doMes_13": 3310.352294921875,
  "gnssId_13": 6,
  "svId_13": 23,
  "sigId_13": 0,
  "freqId_13": 10,
  "locktime_13": 7940,
  "cno_13": 26,
  "prStd_13": 8,
  "cpStd_13": 8,
  "doStd_13": 8,
  "prValid_13": 1,
  "cpValid_13": 1,
  "halfCyc_13": 1,
  "subHalfCyc_13": 1,
  "reserved3_13": 0,
  "prMes_14": 21119511.620344408,
  "cpMes_14": 112697760.06968375,
  "doMes_14": -2655.28173828125,
  "gnssId_14": 6,
  "svId_14": 2,
  "sigId_14": 0,
  "freqId_14": 3,
  "locktime_14": 0,
  "cno_14": 17,
  "prStd_14": 10,
  "cpStd_14": 15,
  "doStd_14": 12,
  "prValid_14": 1,
  "cpValid_14": 0,
  "halfCyc_14": 0,
  "subHalfCyc_14": 0,
  "reserved3_14": 0,
  "prMes_15": 19542326.353776895,
  "cpMes_15": 102695614.33804546,
  "doMes_15": -2996.873779296875,
  "gnssId_15": 0,
  "svId_15": 8,
  "sigId_15": 0,
  "freqId_15": 0,
  "locktime_15": 64500,
  "cno_15": 46,
  "prStd_15": 3,
  "cpStd_15": 1,
  "doStd_15": 5,
  "prValid_15": 1,
  "cpValid_15": 1,
  "halfCyc_15": 1,
  "subHalfCyc_15": 1,
  "reserved3_15": 0,
  "prMes_16": 36472282.76639235,
  "cpMes_16": 191663454.1858506,
  "doMes_16": -886.7431030273438,
  "gnssId_16": 5,
  "svId_16": 3,
  "sigId_16": 0,
  "freqId_16": 0,
  "locktime_16": 64500,
  "cno_16": 44,
  "prStd_16": 3,
  "cpStd_16": 1,
  "doStd_16": 6,
  "prValid_16": 1,
  "cpValid_16": 1,
  "halfCyc_16": 1,
  "subHalfCyc_16": 1,
  "reserved3_16": 0,
  "prMes_17": 34816243.36266517,
  "cpMes_17": 182960604.2123439,
  "doMes_17": -333.6357421875,
  "gnssId_17": 5,
  "svId_17": 7,
  "sigId_17": 0,
  "freqId_17": 0,
  "locktime_17": 64500,
  "cno_17": 31,
  "prStd_17": 6,
  "cpStd_17": 5,
  "doStd_17": 8,
  "prValid_17": 1,
  "cpValid_17": 1,
  "halfCyc_17": 1,
  "subHalfCyc_17": 0,
  "reserved3_17": 0,
  "prMes_18": 22354667.235863477,
  "cpMes_18": 117474735.4665539,
  "doMes_18": 202.74853515625,
  "gnssId_18": 2,
  "svId_18": 12,
  "sigId_18": 0,
  "freqId_18": 0,
  "locktime_18": 64500,
  "cno_18": 38,
  "prStd_18": 4,
  "cpStd_18": 2,
  "doStd_18": 7,
  "prValid_18": 1,
  "cpValid_18": 1,
  "halfCyc_18": 1,
  "subHalfCyc_18": 0,
  "reserved3_18": 0,
  "prMes_19": 34121855.78168875,
  "cpMes_19": 177681646.4214478,
  "doMes_19": -627.877197265625,
  "gnssId_19": 3,
  "svId_19": 7,
  "sigId_19": 0,
  "freqId_19": 0,
  "locktime_19": 64500,
  "cno_19": 43,
  "prStd_19": 3,
  "cpStd_19": 1,
  "doStd_19": 6,
  "prValid_19": 1,
  "cpValid_19": 1,
  "halfCyc_19": 1,
  "subHalfCyc_19": 1,
  "reserved3_19": 0,
  "prMes_20": 34040643.367991716,
  "cpMes_20": 177258653.64593458,
  "doMes_20": -1207.01171875,
  "gnssId_20": 3,
  "svId_20": 6,
  "sigId_20": 0,
  "freqId_20": 0,
  "locktime_20": 64500,
  "cno_20": 32,
  "prStd_20": 5,
  "cpStd_20": 4,
  "doStd_20": 8,
  "prValid_20": 1,
  "cpValid_20": 1,
  "halfCyc_20": 1,
  "subHalfCyc_20": 1,
  "reserved3_20": 0,
  "prMes_21": 17105322.401938964,
  "cpMes_21": 91309558.4638269,
  "doMes_21": -623.1908569335938,
  "gnssId_21": 6,
  "svId_21": 22,
  "sigId_21": 0,
  "freqId_21": 4,
  "locktime_21": 64500,
  "cno_21": 46,
  "prStd_21": 5,
  "cpStd_21": 1,
  "doStd_21": 6,