{
  "start_time": "2023-09-21 00:06:13",
  "rcvTow": 317188.992,
  "week": 2280,
  "leapS": 18,
  "numMeas": 49,
  "leapSec": 1,
  "clkReset": 0,
  "reserved1": 827649,
  "prMes_01": 23527471.297395244,
  "cpMes_01": 123637826.8938758,
  "doMes_01": -1270.525390625,
  "gnssId_01": 2,
  "svId_01": 31,
  "sigId_01": 0,
  "freqId_01": 0,
  "locktime_01": 64500,
  "cno_01": 41,
  "prStd_01": 4,
  "cpStd_01": 2,
  "doStd_01": 6,
  "prValid_01": 1,
  "cpValid_01": 1,
  "halfCyc_01": 1,
  "subHalfCyc_01": 0,
  "reserved3_01": 0,
  "prMes_02": 34855786.15300033,
  "cpMes_02": 183168421.60300085,
  "doMes_02": -698.6901245117188,
  "gnssId_02": 5,
  "svId_02": 4,
  "sigId_02": 0,
  "freqId_02": 0,
  "locktime_02": 64500,
  "cno_02": 43,
  "prStd_02": 3,
  "cpStd_02": 2,
  "doStd_02": 6,
  "prValid_02": 1,
  "cpValid_02": 1,
  "halfCyc_02": 1,
  "subHalfCyc_02": 1,
  "reserved3_02": 0,
  "prMes_03": 18527284.047117095,
  "cpMes_03": 97361520.95851296,
  "doMes_03": 1614.837646484375,
  "gnssId_03": 0,
  "svId_03": 7,
  "sigId_03": 0,
  "freqId_03": 0,
  "locktime_03": 64500,
  "cno_03": 35,
  "prStd_03": 5,
  "cpStd_03": 4,
  "doStd_03": 8,
  "prValid_03": 1,
  "cpValid_03": 1,
  "halfCyc_03": 1,
  "subHalfCyc_03": 1,
  "reserved3_03": 0,
  "prMes_04": 22080027.616642635,
  "cpMes_04": 116031284.20385079,
  "doMes_04": -153.418701171875,
  "gnssId_04": 2,
  "svId_04": 24,
  "sigId_04": 0,
  "freqId_04": 0,
  "locktime_04": 64500,
  "cno_04": 47,
  "prStd_04": 3,
  "cpStd_04": 1,
  "doStd_04": 5,
  "prValid_04": 1,
  "cpValid_04": 1,
  "halfCyc_04": 1,
  "subHalfCyc_04": 0,
  "reserved3_04": 0,
  "prMes_05": 34190867.87676991,
  "cpMes_05": 178040908.08106482,
  "doMes_05": -1119.3515625,
  "gnssId_05": 3,
  "svId_05": 16,
  "sigId_05": 0,
  "freqId_05": 0,
  "locktime_05": 64500,
  "cno_05": 40,
  "prStd_05": 4,
  "cpStd_05": 2,
  "doStd_05": 7,
  "prValid_05": 1,
  "cpValid_05": 1,
  "halfCyc_05": 1,
  "subHalfCyc_05": 1,
  "reserved3_05": 0,
  "prMes_06": 19530539.257089254,
  "cpMes_06": 101700669.49070995,
  "doMes_06": -1177.713623046875,
  "gnssId_06": 3,
  "svId_06": 29,
  "sigId_06": 0,
  "freqId_06": 0,
  "locktime_06": 64500,
  "cno_06": 43,
  "prStd_06": 3,
  "cpStd_06": 1,
  "doStd_06": 6,
  "prValid_06": 1,
  "cpValid_06": 1,
  "halfCyc_06": 1,
  "subHalfCyc_06": 1,
  "reserved3_06": 0,
  "prMes_07": 34812952.602074,
  "cpMes_07": 181280241.24043274,
  "doMes_07": -1425.863037109375,
  "gnssId_07": 3,
  "svId_07": 39,
  "sigId_07": 0,
  "freqId_07": 0,
  "locktime_07": 64500,
  "cno_07": 37,
  "prStd_07": 5,
  "cpStd_07": 3,
  "doStd_07": 7,
  "prValid_07": 1,
  "cpValid_07": 1,
  "halfCyc_07": 1,
  "subHalfCyc_07": 1,
  "reserved3_07": 0,
  "prMes_08": 34305719.11352441,
  "cpMes_08": 178639234.77802753,
  "doMes_08": -901.32177734375,
  "gnssId_08": 3,
  "svId_08": 40,
  "sigId_08": 0,
  "freqId_08": 0,
  "locktime_08": 64500,
  "cno_08": 47,
  "prStd_08": 3,
  "cpStd_08": 1,
  "doStd_08": 5,
  "prValid_08": 1,
  "cpValid_08": 1,
  "halfCyc_08": 1,
  "subHalfCyc_08": 0,
  "reserved3_08": 0,
  "prMes_09": 34375709.282211535,
  "cpMes_09": 179003338.73585048,
  "doMes_09": -584.5029296875,
  "gnssId_09": 3,
  "svId_09": 10,
  "sigId_09": 0,
  "freqId_09": 0,
  "locktime_09": 0,
  "cno_09": 25,
  "prStd_09": 8,
  "cpStd_09": 15,
  "doStd_09": 10,
  "prValid_09": 1,
  "cpValid_09": 0,
  "halfCyc_09": 0,
  "subHalfCyc_09": 0,
  "reserved3_09": 0,
  "prMes_10": 33321944.785893835,
  "cpMes_10": 173516212.7760351,
  "doMes_10": -542.81005859375,
  "gnssId_10": 3,
  "svId_10": 9,
  "sigId_10": 0,
  "freqId_10": 0,
  "locktime_10": 64500,
  "cno_10": 36,
  "prStd_10": 5,
  "cpStd_10": 3,
  "doStd_10": 8,
  "prValid_10": 1,
  "cpValid_10": 1,
  "halfCyc_10": 1,
  "subHalfCyc_10": 1,
  "reserved3_10": 0,
  "prMes_11": 18793258.78703423,
  "cpMes_11": 100425480.33187881,
  "doMes_11": -916.5116577148438,
  "gnssId_11": 6,
  "svId_11": 11,
  "sigId_11": 0,
  "freqId_11": 7,
  "locktime_11": 64500,
  "cno_11": 49,
  "prStd_11": 5,
  "cpStd_11": 1,
  "doStd_11": 5,
  "prValid_11": 1,
  "cpValid_11": 1,
  "halfCyc_11": 1,
  "subHalfCyc_11": 1,
  "reserved3_11": 0,
  "prMes_12": 20594911.094915453,
  "cpMes_12": 109898391.62816454,
  "doMes_12": -2219.089599609375,
  "gnssId_12": 6,
  "svId_12": 2,
  "sigId_12": 0,
  "freqId_12": 3,
  "locktime_12": 0,
  "cno_12": 21,
  "prStd_12": 10,
  "cpStd_12": 15,
  "doStd_12": 12,
  "prValid_12": 1,
  "cpValid_12": 0,
  "halfCyc_12": 0,
  "subHalfCyc_12": 0,
  "reserved3_12": 0,
  "prMes_13": 18918614.47524158,
  "cpMes_13": 99417985.14423862,
  "doMes_13": -2733.603515625,
  "gnssId_13": 0,
  "svId_13": 8,
  "sigId_13": 0,
  "freqId_13": 0,
  "locktime_13": 64500,
  "cno_13": 44,
  "prStd_13": 3,
  "cpStd_13": 1,
  "doStd_13": 6,
  "prValid_13": 1,
  "cpValid_13": 1,
  "halfCyc_13": 1,
  "subHalfCyc_13": 1,
  "reserved3_13": 0,
  "prMes_14": 36285657.86493668,
  "cpMes_14": 190682731.07911035,
  "doMes_14": -832.5560913085938,
  "gnssId_14": 5,
  "svId_14": 3,
  "sigId_14": 0,
  "freqId_14": 0,
  "locktime_14": 64500,
  "cno_14": 44,
  "prStd_14": 3,
  "cpStd_14": 1,
  "doStd_14": 6,
  "prValid_14": 1,
  "cpValid_14": 1,
  "halfCyc_14": 1,
  "subHalfCyc_14": 1,
  "reserved3_14": 0,
  "prMes_15": 34743654.99427372,
  "cpMes_15": 182579141.70678273,
  "doMes_15": -335.308349609375,
  "gnssId_15": 5,
  "svId_15": 7,
  "sigId_15": 0,
  "freqId_15": 0,
  "locktime_15": 64500,
  "cno_15": 31,
  "prStd_15": 6,
  "cpStd_15": 5,
  "doStd_15": 8,
  "prValid_15": 1,
  "cpValid_15": 1,
  "halfCyc_15": 1,
  "subHalfCyc_15": 0,
  "reserved3_15": 0,
  "prMes_16": 22454875.054625075,
  "cpMes_16": 118001318.57336348,
  "doMes_16": 713.050537109375,
  "gnssId_16": 2,
  "svId_16": 12,
  "sigId_16": 0,
  "freqId_16": 0,
  "locktime_16": 64500,
  "cno_16": 42,
  "prStd_16": 4,
  "cpStd_16": 1,
  "doStd_16": 6,
  "prValid_16": 1,
  "cpValid_16": 1,
  "halfCyc_16": 1,
  "subHalfCyc_16": 0,
  "reserved3_16": 0,
  "prMes_17": 33980984.15671402,
  "cpMes_17": 176948089.83715326,
  "doMes_17": -656.6650390625,
  "gnssId_17": 3,
  "svId_17": 7,
  "sigId_17": 0,
  "freqId_17": 0,
  "locktime_17": 64500,
  "cno_17": 41,
  "prStd_17": 3,
  "cpStd_17": 2,
  "doStd_17": 6,
  "prValid_17": 1,
  "cpValid_17": 1,
  "halfCyc_17": 1,
  "subHalfCyc_17": 1,
  "reserved3_17": 0,
  "prMes_18": 33796016.01739084,
  "cpMes_18": 175984817.15595698,
  "doMes_18": -1026.718505859375,
  "gnssId_18": 3,
  "svId_18": 6,
  "sigId_18": 0,
  "freqId_18": 0,
  "locktime_18": 64500,
  "cno_18": 36,
  "prStd_18": 4,
  "cpStd_18": 2,
  "doStd_18": 7,
  "prValid_18": 1,
  "cpValid_18": 1,
  "halfCyc_18": 1,
  "subHalfCyc_18": 1,
  "reserved3_18": 0,
  "prMes_19": 17082237.55126027,
  "cpMes_19": 91186329.39495327,
  "doMes_19": 405.6486511230469,
  "gnssId_19": 6,
  "svId_19": 22,
  "sigId_19": 0,
  "freqId_19": 4,
  "locktime_19": 64500,
  "cno_19": 50,
  "prStd_19": 5,
  "cpStd_19": 1,
  "doStd_19": 4,
  "prValid_19": 1,
  "cpValid_19": 1,
  "halfCyc_19": 1,
  "subHalfCyc_19": 1,
  "reserved3_19": 0,
  "prMes_20": 18699804.48443688,
  "cpMes_20": 99890950.06415276,
  "doMes_20": 1521.01025390625,
  "gnssId_20": 6,
  "svId_20": 12,
  "sigId_20": 0,
  "freqId_20": 6,
  "locktime_20": 64500,
  "cno_20": 52,
  "prStd_20": 5,
  "cpStd_20": 1,
  "doStd_20": 4,
  "prValid_20": 1,
  "cpValid_20": 1,
  "halfCyc_20": 1,
  "subHalfCyc_20": 1,
  "reserved3_20": 0,
  "prMes_21": 18933291.649617318,
  "cpMes_21": 101316201.82860942,
  "doMes_21": -3277.37548828125,
  "gnssId_21": 6,
  "svId_21": 21,
  "sigId_21": 0,
  "freqId_21": 11,
  "locktime_21": 64500,
  "cno_21": 49,
  "prStd_21": 5,
  "cpStd_21": 1,
  "doStd_21": 5,