{
  "start_time": "2023-09-21 00:13:42",
  "rcvTow": 317637.992,
  "week": 2280,
  "leapS": 18,
  "numMeas": 51,
  "leapSec": 1,
  "clkReset": 0,
  "reserved1": 15108353,
  "prMes_01": 23636120.382716566,
  "cpMes_01": 124208776.39493318,
  "doMes_01": -1273.552734375,
  "gnssId_01": 2,
  "svId_01": 31,
  "sigId_01": 0,
  "freqId_01": 0,
  "locktime_01": 64500,
  "cno_01": 42,
  "prStd_01": 4,
  "cpStd_01": 1,
  "doStd_01": 6,
  "prValid_01": 1,
  "cpValid_01": 1,
  "halfCyc_01": 1,
  "subHalfCyc_01": 0,
  "reserved3_01": 0,
  "prMes_02": 20207661.74473013,
  "cpMes_02": 106191978.5861282,
  "doMes_02": 2568.1728515625,
  "gnssId_02": 0,
  "svId_02": 30,
  "sigId_02": 0,
  "freqId_02": 0,
  "locktime_02": 0,
  "cno_02": 23,
  "prStd_02": 9,
  "cpStd_02": 15,
  "doStd_02": 12,
  "prValid_02": 1,
  "cpValid_02": 0,
  "halfCyc_02": 0,
  "subHalfCyc_02": 0,
  "reserved3_02": 0,
  "prMes_03": 34914820.71453879,
  "cpMes_03": 183478658.98959655,
  "doMes_03": -683.130859375,
  "gnssId_03": 5,
  "svId_03": 4,
  "sigId_03": 0,
  "freqId_03": 0,
  "locktime_03": 64500,
  "cno_03": 43,
  "prStd_03": 3,
  "cpStd_03": 1,
  "doStd_03": 6,
  "prValid_03": 1,
  "cpValid_03": 1,
  "halfCyc_03": 1,
  "subHalfCyc_03": 1,
  "reserved3_03": 0,
  "prMes_04": 18397035.57597916,
  "cpMes_04": 96677061.82499653,
  "doMes_04": 1430.82275390625,
  "gnssId_04": 0,
  "svId_04": 7,
  "sigId_04": 0,
  "freqId_04": 0,
  "locktime_04": 64500,
  "cno_04": 35,
  "prStd_04": 5,
  "cpStd_04": 4,
  "doStd_04": 8,
  "prValid_04": 1,
  "cpValid_04": 1,
  "halfCyc_04": 1,
  "subHalfCyc_04": 1,
  "reserved3_04": 0,
  "prMes_05": 22092861.404686797,
  "cpMes_05": 116098726.60544068,
  "doMes_05": -147.35546875,
  "gnssId_05": 2,
  "svId_05": 24,
  "sigId_05": 0,
  "freqId_05": 0,
  "locktime_05": 64500,
  "cno_05": 47,
  "prStd_05": 3,
  "cpStd_05": 1,
  "doStd_05": 5,
  "prValid_05": 1,
  "cpValid_05": 1,
  "halfCyc_05": 1,
  "subHalfCyc_05": 0,
  "reserved3_05": 0,
  "prMes_06": 34290416.59054676,
  "cpMes_06": 178559284.9180354,
  "doMes_06": -1189.087158203125,
  "gnssId_06": 3,
  "svId_06": 16,
  "sigId_06": 0,
  "freqId_06": 0,
  "locktime_06": 64500,
  "cno_06": 38,
  "prStd_06": 4,
  "cpStd_06": 2,
  "doStd_06": 7,
  "prValid_06": 1,
  "cpValid_06": 1,
  "halfCyc_06": 1,
  "subHalfCyc_06": 1,
  "reserved3_06": 0,
  "prMes_07": 19641556.537495755,
  "cpMes_07": 102278763.30550463,
  "doMes_07": -1395.817138671875,
  "gnssId_07": 3,
  "svId_07": 29,
  "sigId_07": 0,
  "freqId_07": 0,
  "locktime_07": 64500,
  "cno_07": 46,
  "prStd_07": 3,
  "cpStd_07": 1,
  "doStd_07": 6,
  "prValid_07": 1,
  "cpValid_07": 1,
  "halfCyc_07": 1,
  "subHalfCyc_07": 1,
  "reserved3_07": 0,
  "prMes_08": 34938495.15600781,
  "cpMes_08": 181933972.16764495,
  "doMes_08": -1486.13525390625,
  "gnssId_08": 3,
  "svId_08": 39,
  "sigId_08": 0,
  "freqId_08": 0,
  "locktime_08": 64500,
  "cno_08": 36,
  "prStd_08": 5,
  "cpStd_08": 3,
  "doStd_08": 7,
  "prValid_08": 1,
  "cpValid_08": 1,
  "halfCyc_08": 1,
  "subHalfCyc_08": 1,
  "reserved3_08": 0,
  "prMes_09": 34382948.25166368,
  "cpMes_09": 179041387.86005074,
  "doMes_09": -889.5288696289062,
  "gnssId_09": 3,
  "svId_09": 40,
  "sigId_09": 0,
  "freqId_09": 0,
  "locktime_09": 64500,
  "cno_09": 47,
  "prStd_09": 3,
  "cpStd_09": 1,
  "doStd_09": 5,
  "prValid_09": 1,
  "cpValid_09": 1,
  "halfCyc_09": 1,
  "subHalfCyc_09": 0,
  "reserved3_09": 0,
  "prMes_10": 34425962.3902909,
  "cpMes_10": 179265019.2980444,
  "doMes_10": -579.05712890625,
  "gnssId_10": 3,
  "svId_10": 10,
  "sigId_10": 0,
  "freqId_10": 0,
  "locktime_10": 0,
  "cno_10": 25,
  "prStd_10": 8,
  "cpStd_10": 15,
  "doStd_10": 10,
  "prValid_10": 1,
  "cpValid_10": 0,
  "halfCyc_10": 0,
  "subHalfCyc_10": 0,
  "reserved3_10": 0,
  "prMes_11": 33371975.109346747,
  "cpMes_11": 173776732.5187159,
  "doMes_11": -617.919921875,
  "gnssId_11": 3,
  "svId_11": 9,
  "sigId_11": 0,
  "freqId_11": 0,
  "locktime_11": 64500,
  "cno_11": 36,
  "prStd_11": 5,
  "cpStd_11": 3,
  "doStd_11": 7,
  "prValid_11": 1,
  "cpValid_11": 1,
  "halfCyc_11": 1,
  "subHalfCyc_11": 1,
  "reserved3_11": 0,
  "prMes_12": 18876125.47181027,
  "cpMes_12": 100868290.73030652,
  "doMes_12": -1058.32958984375,
  "gnssId_12": 6,
  "svId_12": 11,
  "sigId_12": 0,
  "freqId_12": 7,
  "locktime_12": 64500,
  "cno_12": 50,
  "prStd_12": 5,
  "cpStd_12": 1,
  "doStd_12": 5,
  "prValid_12": 1,
  "cpValid_12": 1,
  "halfCyc_12": 1,
  "subHalfCyc_12": 1,
  "reserved3_12": 0,
  "prMes_13": 19232820.523823384,
  "cpMes_13": 102882620.34319584,
  "doMes_13": 3624.287841796875,
  "gnssId_13": 6,
  "svId_13": 23,
  "sigId_13": 0,
  "freqId_13": 10,
  "locktime_13": 0,
  "cno_13": 21,
  "prStd_13": 9,
  "cpStd_13": 15,
  "doStd_13": 12,
  "prValid_13": 1,
  "cpValid_13": 0,
  "halfCyc_13": 0,
  "subHalfCyc_13": 0,
  "reserved3_13": 0,
  "prMes_14": 20790065.54009234,
  "cpMes_14": 110939772.45069343,
  "doMes_14": -2417.2685546875,
  "gnssId_14": 6,
  "svId_14": 2,
  "sigId_14": 0,
  "freqId_14": 3,
  "locktime_14": 0,
  "cno_14": 21,
  "prStd_14": 10,
  "cpStd_14": 15,
  "doStd_14": 12,
  "prValid_14": 1,
  "cpValid_14": 0,
  "halfCyc_14": 0,
  "subHalfCyc_14": 0,
  "reserved3_14": 0,
  "prMes_15": 19157344.245553844,
  "cpMes_15": 100672517.1908007,
  "doMes_15": -2851.40478515625,
  "gnssId_15": 0,
  "svId_15": 8,
  "sigId_15": 0,
  "freqId_15": 0,
  "locktime_15": 64500,
  "cno_15": 46,
  "prStd_15": 3,
  "cpStd_15": 1,
  "doStd_15": 6,
  "prValid_15": 1,
  "cpValid_15": 1,
  "halfCyc_15": 1,
  "subHalfCyc_15": 1,
  "reserved3_15": 0,
  "prMes_16": 36357751.239265114,
  "cpMes_16": 191061585.15474,
  "doMes_16": -854.9498901367188,
  "gnssId_16": 5,
  "svId_16": 3,
  "sigId_16": 0,
  "freqId_16": 0,
  "locktime_16": 64500,
  "cno_16": 44,
  "prStd_16": 3,
  "cpStd_16": 1,
  "doStd_16": 6,
  "prValid_16": 1,
  "cpValid_16": 1,
  "halfCyc_16": 1,
  "subHalfCyc_16": 1,
  "reserved3_16": 0,
  "prMes_17": 34772254.56264756,
  "cpMes_17": 182729436.90342182,
  "doMes_17": -334.342529296875,
  "gnssId_17": 5,
  "svId_17": 7,
  "sigId_17": 0,
  "freqId_17": 0,
  "locktime_17": 64500,
  "cno_17": 31,
  "prStd_17": 6,
  "cpStd_17": 4,
  "doStd_17": 8,
  "prValid_17": 1,
  "cpValid_17": 1,
  "halfCyc_17": 1,
  "subHalfCyc_17": 0,
  "reserved3_17": 0,
  "prMes_18": 22402216.804184314,
  "cpMes_18": 117724603.03021914,
  "doMes_18": 517.56494140625,
  "gnssId_18": 2,
  "svId_18": 12,
  "sigId_18": 0,
  "freqId_18": 0,
  "locktime_18": 64500,
  "cno_18": 39,
  "prStd_18": 4,
  "cpStd_18": 2,
  "doStd_18": 7,
  "prValid_18": 1,
  "cpValid_18": 1,
  "halfCyc_18": 1,
  "subHalfCyc_18": 0,
  "reserved3_18": 0,
  "prMes_19": 34037201.18501637,
  "cpMes_19": 177240824.90712413,
  "doMes_19": -646.846923828125,
  "gnssId_19": 3,
  "svId_19": 7,
  "sigId_19": 0,
  "freqId_19": 0,
  "locktime_19": 64500,
  "cno_19": 42,
  "prStd_19": 3,
  "cpStd_19": 2,
  "doStd_19": 6,
  "prValid_19": 1,
  "cpValid_19": 1,
  "halfCyc_19": 1,
  "subHalfCyc_19": 1,
  "reserved3_19": 0,
  "prMes_20": 33887643.57281495,
  "cpMes_20": 176461943.55665618,
  "doMes_20": -1098.1298828125,
  "gnssId_20": 3,
  "svId_20": 6,
  "sigId_20": 0,
  "freqId_20": 0,
  "locktime_20": 64500,
  "cno_20": 37,
  "prStd_20": 5,
  "cpStd_20": 3,
  "doStd_20": 7,
  "prValid_20": 1,
  "cpValid_20": 1,
  "halfCyc_20": 1,
  "subHalfCyc_20": 1,
  "reserved3_20": 0,
  "prMes_21": 17065068.433633693,
  "cpMes_21": 91094681.47721724,
  "doMes_21": 1.6501463651657104,
  "gnssId_21": 6,
  "svId_21": 22,
  "sigId_21": 0,
  "freqId_21": 4,
  "locktime_21": 64500,
  "cno_21": 47,
  "prStd_21": 5,
  "cpStd_21": 1,
  "doStd_21": 5,
  "prValid_21": 1,