{
  "start_time": "2023-09-21 00:59:38",
  "rcvTow": 320393.993,
  "week": 2280,
  "leapS": 18,
  "numMeas": 51,
  "leapSec": 1,
  "clkReset": 0,
  "reserved1": 16001537,
  "prMes_01": 24331129.55197037,
  "cpMes_01": 127861080.48584586,
  "doMes_01": -1412.486083984375,
  "gnssId_01": 2,
  "svId_01": 31,
  "sigId_01": 0,
  "freqId_01": 0,
  "locktime_01": 64500,
  "cno_01": 37,
  "prStd_01": 5,
  "cpStd_01": 3,
  "doStd_01": 7,
  "prValid_01": 1,
  "cpValid_01": 1,
  "halfCyc_01": 1,
  "subHalfCyc_01": 0,
  "reserved3_01": 0,
  "prMes_02": 35246881.22871195,
  "cpMes_02": 185223673.40655,
  "doMes_02": -582.4296875,
  "gnssId_02": 5,
  "svId_02": 4,
  "sigId_02": 0,
  "freqId_02": 0,
  "locktime_02": 64500,
  "cno_02": 39,
  "prStd_02": 4,
  "cpStd_02": 2,
  "doStd_02": 7,
  "prValid_02": 1,
  "cpValid_02": 1,
  "halfCyc_02": 1,
  "subHalfCyc_02": 1,
  "reserved3_02": 0,
  "prMes_03": 18012901.180487663,
  "cpMes_03": 94658419.40470013,
  "doMes_03": -56.779541015625,
  "gnssId_03": 0,
  "svId_03": 7,
  "sigId_03": 0,
  "freqId_03": 0,
  "locktime_03": 64500,
  "cno_03": 37,
  "prStd_03": 5,
  "cpStd_03": 3,
  "doStd_03": 7,
  "prValid_03": 1,
  "cpValid_03": 1,
  "halfCyc_03": 1,
  "subHalfCyc_03": 1,
  "reserved3_03": 0,
  "prMes_04": 22171445.64157867,
  "cpMes_04": 116511691.5428068,
  "doMes_04": -177.29124450683594,
  "gnssId_04": 2,
  "svId_04": 24,
  "sigId_04": 0,
  "freqId_04": 0,
  "locktime_04": 64500,
  "cno_04": 45,
  "prStd_04": 3,
  "cpStd_04": 1,
  "doStd_04": 6,
  "prValid_04": 1,
  "cpValid_04": 1,
  "halfCyc_04": 1,
  "subHalfCyc_04": 0,
  "reserved3_04": 0,
  "prMes_05": 35027458.69725419,
  "cpMes_05": 182397162.41912317,
  "doMes_05": -1581.1865234375,
  "gnssId_05": 3,
  "svId_05": 16,
  "sigId_05": 0,
  "freqId_05": 0,
  "locktime_05": 8240,
  "cno_05": 30,
  "prStd_05": 7,
  "cpStd_05": 7,
  "doStd_05": 8,
  "prValid_05": 1,
  "cpValid_05": 1,
  "halfCyc_05": 1,
  "subHalfCyc_05": 1,
  "reserved3_05": 0,
  "prMes_06": 20685061.515571218,
  "cpMes_06": 107712571.55128132,
  "doMes_06": -2459.72119140625,
  "gnssId_06": 3,
  "svId_06": 29,
  "sigId_06": 0,
  "freqId_06": 0,
  "locktime_06": 64500,
  "cno_06": 46,
  "prStd_06": 3,
  "cpStd_06": 1,
  "doStd_06": 5,
  "prValid_06": 1,
  "cpValid_06": 1,
  "halfCyc_06": 1,
  "subHalfCyc_06": 1,
  "reserved3_06": 0,
  "prMes_07": 35811366.10617774,
  "cpMes_07": 186479180.35208482,
  "doMes_07": -1791.5921630859375,
  "gnssId_07": 3,
  "svId_07": 39,
  "sigId_07": 0,
  "freqId_07": 0,
  "locktime_07": 0,
  "cno_07": 25,
  "prStd_07": 8,
  "cpStd_07": 15,
  "doStd_07": 10,
  "prValid_07": 1,
  "cpValid_07": 0,
  "halfCyc_07": 0,
  "subHalfCyc_07": 0,
  "reserved3_07": 0,
  "prMes_08": 34821016.705560565,
  "cpMes_08": 181322527.3166288,
  "doMes_08": -747.314453125,
  "gnssId_08": 3,
  "svId_08": 40,
  "sigId_08": 0,
  "freqId_08": 0,
  "locktime_08": 64500,
  "cno_08": 43,
  "prStd_08": 3,
  "cpStd_08": 1,
  "doStd_08": 6,
  "prValid_08": 1,
  "cpValid_08": 1,
  "halfCyc_08": 1,
  "subHalfCyc_08": 0,
  "reserved3_08": 0,
  "prMes_09": 34712602.02203406,
  "cpMes_09": 180757637.4133208,
  "doMes_09": -488.034423828125,
  "gnssId_09": 3,
  "svId_09": 10,
  "sigId_09": 0,
  "freqId_09": 0,
  "locktime_09": 18600,
  "cno_09": 27,
  "prStd_09": 7,
  "cpStd_09": 8,
  "doStd_09": 8,
  "prValid_09": 1,
  "cpValid_09": 1,
  "halfCyc_09": 1,
  "subHalfCyc_09": 1,
  "reserved3_09": 0,
  "prMes_10": 33824678.03890735,
  "cpMes_10": 176133974.38121265,
  "doMes_10": -1092.242431640625,
  "gnssId_10": 3,
  "svId_10": 9,
  "sigId_10": 0,
  "freqId_10": 0,
  "locktime_10": 0,
  "cno_10": 26,
  "prStd_10": 8,
  "cpStd_10": 15,
  "doStd_10": 10,
  "prValid_10": 1,
  "cpValid_10": 0,
  "halfCyc_10": 0,
  "subHalfCyc_10": 0,
  "reserved3_10": 0,
  "prMes_11": 19692330.199735515,
  "cpMes_11": 105229833.91711694,
  "doMes_11": -2160.566650390625,
  "gnssId_11": 6,
  "svId_11": 11,
  "sigId_11": 0,
  "freqId_11": 7,
  "locktime_11": 64500,
  "cno_11": 46,
  "prStd_11": 5,
  "cpStd_11": 1,
  "doStd_11": 6,
  "prValid_11": 1,
  "cpValid_11": 1,
  "halfCyc_11": 1,
  "subHalfCyc_11": 1,
  "reserved3_11": 0,
  "prMes_12": 17743786.484042335,
  "cpMes_12": 94917319.437664,
  "doMes_12": 1994.500244140625,
  "gnssId_12": 6,
  "svId_12": 23,
  "sigId_12": 0,
  "freqId_12": 10,
  "locktime_12": 31900,
  "cno_12": 27,
  "prStd_12": 7,
  "cpStd_12": 8,
  "doStd_12": 8,
  "prValid_12": 1,
  "cpValid_12": 1,
  "halfCyc_12": 1,
  "subHalfCyc_12": 0,
  "reserved3_12": 0,
  "prMes_13": 21697626.783379123,
  "cpMes_13": 115741987.07154948,
  "doMes_13": -4493.0419921875,
  "gnssId_13": 6,
  "svId_13": 255,
  "sigId_13": 0,
  "freqId_13": 2,
  "locktime_13": 22000,
  "cno_13": 43,
  "prStd_13": 5,
  "cpStd_13": 1,
  "doStd_13": 6,
  "prValid_13": 1,
  "cpValid_13": 1,
  "halfCyc_13": 1,
  "subHalfCyc_13": 1,
  "reserved3_13": 0,
  "prMes_14": 20236079.84661447,
  "cpMes_14": 106341317.15526064,
  "doMes_14": 1493.83984375,
  "gnssId_14": 0,
  "svId_14": 17,
  "sigId_14": 0,
  "freqId_14": 0,
  "locktime_14": 0,
  "cno_14": 21,
  "prStd_14": 10,
  "cpStd_14": 15,
  "doStd_14": 13,
  "prValid_14": 1,
  "cpValid_14": 0,
  "halfCyc_14": 0,
  "subHalfCyc_14": 0,
  "reserved3_14": 0,
  "prMes_15": 20768681.110718142,
  "cpMes_15": 109140148.4791362,
  "doMes_15": -3189.5537109375,
  "gnssId_15": 0,
  "svId_15": 8,
  "sigId_15": 0,
  "freqId_15": 0,
  "locktime_15": 64500,
  "cno_15": 42,
  "prStd_15": 3,
  "cpStd_15": 1,
  "doStd_15": 6,
  "prValid_15": 1,
  "cpValid_15": 1,
  "halfCyc_15": 1,
  "subHalfCyc_15": 1,
  "reserved3_15": 0,
  "prMes_16": 36836202.2126145,
  "cpMes_16": 193575873.99925268,
  "doMes_16": -959.185791015625,
  "gnssId_16": 5,
  "svId_16": 3,
  "sigId_16": 0,
  "freqId_16": 0,
  "locktime_16": 64500,
  "cno_16": 41,
  "prStd_16": 4,
  "cpStd_16": 2,
  "doStd_16": 7,
  "prValid_16": 1,
  "cpValid_16": 1,
  "halfCyc_16": 1,
  "subHalfCyc_16": 1,
  "reserved3_16": 0,
  "prMes_17": 34947512.67461212,
  "cpMes_17": 183650419.1546664,
  "doMes_17": -333.95751953125,
  "gnssId_17": 5,
  "svId_17": 7,
  "sigId_17": 0,
  "freqId_17": 0,
  "locktime_17": 64500,
  "cno_17": 32,
  "prStd_17": 6,
  "cpStd_17": 5,
  "doStd_17": 8,
  "prValid_17": 1,
  "cpValid_17": 1,
  "halfCyc_17": 1,
  "subHalfCyc_17": 0,
  "reserved3_17": 0,
  "prMes_18": 22468225.15726869,
  "cpMes_18": 118071490.03512995,
  "doMes_18": -784.19189453125,
  "gnssId_18": 2,
  "svId_18": 12,
  "sigId_18": 0,
  "freqId_18": 0,
  "locktime_18": 64500,
  "cno_18": 42,
  "prStd_18": 4,
  "cpStd_18": 1,
  "doStd_18": 6,
  "prValid_18": 1,
  "cpValid_18": 1,
  "halfCyc_18": 1,
  "subHalfCyc_18": 0,
  "reserved3_18": 0,
  "prMes_19": 34354708.86576552,
  "cpMes_19": 178894176.32490373,
  "doMes_19": -539.375,
  "gnssId_19": 3,
  "svId_19": 7,
  "sigId_19": 0,
  "freqId_19": 0,
  "locktime_19": 64500,
  "cno_19": 44,
  "prStd_19": 3,
  "cpStd_19": 1,
  "doStd_19": 6,
  "prValid_19": 1,
  "cpValid_19": 1,
  "halfCyc_19": 1,
  "subHalfCyc_19": 1,
  "reserved3_19": 0,
  "prMes_20": 17689427.54681765,
  "cpMes_20": 94427555.99301916,
  "doMes_20": -2338.794677734375,
  "gnssId_20": 6,
  "svId_20": 22,
  "sigId_20": 0,
  "freqId_20": 4,
  "locktime_20": 64500,
  "cno_20": 48,
  "prStd_20": 5,
  "cpStd_20": 1,
  "doStd_20": 5,
  "prValid_20": 1,
  "cpValid_20": 1,
  "halfCyc_20": 1,
  "subHalfCyc_20": 1,
  "reserved3_20": 0,
  "prMes_21": 17915355.31703059,
  "cpMes_21": 95700569.14658864,
  "doMes_21": 932.8359985351562,
  "gnssId_21": 6,
  "svId_21": 12,
  "sigId_21": 0,
  "freqId_21": 6,
  "locktime_21": 64500,
  "cno_21": 49,
  "prStd_21": 5,
  "cpStd_21": 1,
  "doStd_21": 5,
  "prValid_21": 1,