{
  "start_time": "2023-09-21 00:54:53",
  "rcvTow": 320108.993,
  "week": 2280,
  "leapS": 18,
  "numMeas": 50,
  "leapSec": 1,
  "clkReset": 0,
  "reserved1": 10150401,
  "prMes_01": 24255215.193995215,
  "cpMes_01": 127462140.81788,
  "doMes_01": -1387.9674072265625,
  "gnssId_01": 2,
  "svId_01": 31,
  "sigId_01": 0,
  "freqId_01": 0,
  "locktime_01": 64500,
  "cno_01": 41,
  "prStd_01": 4,
  "cpStd_01": 2,
  "doStd_01": 6,
  "prValid_01": 1,
  "cpValid_01": 1,
  "halfCyc_01": 1,
  "subHalfCyc_01": 0,
  "reserved3_01": 0,
  "prMes_02": 35215029.25490237,
  "cpMes_02": 185056287.47682244,
  "doMes_02": -592.2294921875,
  "gnssId_02": 5,
  "svId_02": 4,
  "sigId_02": 0,
  "freqId_02": 0,
  "locktime_02": 64500,
  "cno_02": 39,
  "prStd_02": 4,
  "cpStd_02": 2,
  "doStd_02": 7,
  "prValid_02": 1,
  "cpValid_02": 1,
  "halfCyc_02": 1,
  "subHalfCyc_02": 1,
  "reserved3_02": 0,
  "prMes_03": 18014633.317020852,
  "cpMes_03": 94667521.21497096,
  "doMes_03": 120.10497283935547,
  "gnssId_03": 0,
  "svId_03": 7,
  "sigId_03": 0,
  "freqId_03": 0,
  "locktime_03": 64500,
  "cno_03": 37,
  "prStd_03": 5,
  "cpStd_03": 3,
  "doStd_03": 7,
  "prValid_03": 1,
  "cpValid_03": 1,
  "halfCyc_03": 1,
  "subHalfCyc_03": 1,
  "reserved3_03": 0,
  "prMes_04": 22162150.637774218,
  "cpMes_04": 116462845.05736765,
  "doMes_04": -166.173095703125,
  "gnssId_04": 2,
  "svId_04": 24,
  "sigId_04": 0,
  "freqId_04": 0,
  "locktime_04": 64500,
  "cno_04": 45,
  "prStd_04": 3,
  "cpStd_04": 1,
  "doStd_04": 5,
  "prValid_04": 1,
  "cpValid_04": 1,
  "halfCyc_04": 1,
  "subHalfCyc_04": 0,
  "reserved3_04": 0,
  "prMes_05": 34941894.80205319,
  "cpMes_05": 181951604.46963787,
  "doMes_05": -1543.590087890625,
  "gnssId_05": 3,
  "svId_05": 16,
  "sigId_05": 0,
  "freqId_05": 0,
  "locktime_05": 64500,
  "cno_05": 31,
  "prStd_05": 6,
  "cpStd_05": 6,
  "doStd_05": 8,
  "prValid_05": 1,
  "cpValid_05": 1,
  "halfCyc_05": 1,
  "subHalfCyc_05": 1,
  "reserved3_05": 0,
  "prMes_06": 20552734.403812498,
  "cpMes_06": 107023509.58728077,
  "doMes_06": -2374.929931640625,
  "gnssId_06": 3,
  "svId_06": 29,
  "sigId_06": 0,
  "freqId_06": 0,
  "locktime_06": 64500,
  "cno_06": 46,
  "prStd_06": 3,
  "cpStd_06": 1,
  "doStd_06": 5,
  "prValid_06": 1,
  "cpValid_06": 1,
  "halfCyc_06": 1,
  "subHalfCyc_06": 1,
  "reserved3_06": 0,
  "prMes_07": 35713991.54232123,
  "cpMes_07": 185972125.28594965,
  "doMes_07": -1766.023193359375,
  "gnssId_07": 3,
  "svId_07": 39,
  "sigId_07": 0,
  "freqId_07": 0,
  "locktime_07": 0,
  "cno_07": 25,
  "prStd_07": 8,
  "cpStd_07": 15,
  "doStd_07": 10,
  "prValid_07": 1,
  "cpValid_07": 0,
  "halfCyc_07": 0,
  "subHalfCyc_07": 0,
  "reserved3_07": 0,
  "prMes_08": 34779592.07187821,
  "cpMes_08": 181106818.92244017,
  "doMes_08": -766.6611938476562,
  "gnssId_08": 3,
  "svId_08": 40,
  "sigId_08": 0,
  "freqId_08": 0,
  "locktime_08": 64500,
  "cno_08": 44,
  "prStd_08": 3,
  "cpStd_08": 1,
  "doStd_08": 6,
  "prValid_08": 1,
  "cpValid_08": 1,
  "halfCyc_08": 1,
  "subHalfCyc_08": 0,
  "reserved3_08": 0,
  "prMes_09": 34685530.60712956,
  "cpMes_09": 180616664.3194216,
  "doMes_09": -500.484619140625,
  "gnssId_09": 3,
  "svId_09": 10,
  "sigId_09": 0,
  "freqId_09": 0,
  "locktime_09": 64500,
  "cno_09": 28,
  "prStd_09": 7,
  "cpStd_09": 7,
  "doStd_09": 8,
  "prValid_09": 1,
  "cpValid_09": 1,
  "halfCyc_09": 1,
  "subHalfCyc_09": 1,
  "reserved3_09": 0,
  "prMes_10": 33766218.38526245,
  "cpMes_10": 175829528.3146918,
  "doMes_10": -1044.317626953125,
  "gnssId_10": 3,
  "svId_10": 9,
  "sigId_10": 0,
  "freqId_10": 0,
  "locktime_10": 33960,
  "cno_10": 27,
  "prStd_10": 7,
  "cpStd_10": 7,
  "doStd_10": 8,
  "prValid_10": 1,
  "cpValid_10": 1,
  "halfCyc_10": 1,
  "subHalfCyc_10": 0,
  "reserved3_10": 0,
  "prMes_11": 19580486.257213924,
  "cpMes_11": 104632178.5983783,
  "doMes_11": -2034.00732421875,
  "gnssId_11": 6,
  "svId_11": 11,
  "sigId_11": 0,
  "freqId_11": 7,
  "locktime_11": 64500,
  "cno_11": 48,
  "prStd_11": 5,
  "cpStd_11": 1,
  "doStd_11": 5,
  "prValid_11": 1,
  "cpValid_11": 1,
  "halfCyc_11": 1,
  "subHalfCyc_11": 1,
  "reserved3_11": 0,
  "prMes_12": 17855673.592678946,
  "cpMes_12": 95515820.21562393,
  "doMes_12": 2204.791259765625,
  "gnssId_12": 6,
  "svId_12": 23,
  "sigId_12": 0,
  "freqId_12": 10,
  "locktime_12": 6900,
  "cno_12": 28,
  "prStd_12": 8,
  "cpStd_12": 6,
  "doStd_12": 8,
  "prValid_12": 1,
  "cpValid_12": 1,
  "halfCyc_12": 1,
  "subHalfCyc_12": 0,
  "reserved3_12": 0,
  "prMes_13": 21458578.140631247,
  "cpMes_13": 114466827.19848347,
  "doMes_13": -4453.630859375,
  "gnssId_13": 6,
  "svId_13": 255,
  "sigId_13": 0,
  "freqId_13": 2,
  "locktime_13": 7000,
  "cno_13": 42,
  "prStd_13": 5,
  "cpStd_13": 2,
  "doStd_13": 6,
  "prValid_13": 1,
  "cpValid_13": 1,
  "halfCyc_13": 1,
  "subHalfCyc_13": 1,
  "reserved3_13": 0,
  "prMes_14": 22069152.635584604,
  "cpMes_14": 117765227.03175147,
  "doMes_14": -2947.87060546875,
  "gnssId_14": 6,
  "svId_14": 2,
  "sigId_14": 0,
  "freqId_14": 3,
  "locktime_14": 0,
  "cno_14": 23,
  "prStd_14": 10,
  "cpStd_14": 15,
  "doStd_14": 12,
  "prValid_14": 1,
  "cpValid_14": 0,
  "halfCyc_14": 0,
  "subHalfCyc_14": 0,
  "reserved3_14": 0,
  "prMes_15": 20595891.84746249,
  "cpMes_15": 108232135.71389718,
  "doMes_15": -3181.78662109375,
  "gnssId_15": 0,
  "svId_15": 8,
  "sigId_15": 0,
  "freqId_15": 0,
  "locktime_15": 64500,
  "cno_15": 43,
  "prStd_15": 3,
  "cpStd_15": 1,
  "doStd_15": 6,
  "prValid_15": 1,
  "cpValid_15": 1,
  "halfCyc_15": 1,
  "subHalfCyc_15": 1,
  "reserved3_15": 0,
  "prMes_16": 36784391.18057553,
  "cpMes_16": 193303604.43650502,
  "doMes_16": -951.2451171875,
  "gnssId_16": 5,
  "svId_16": 3,
  "sigId_16": 0,
  "freqId_16": 0,
  "locktime_16": 64500,
  "cno_16": 40,
  "prStd_16": 4,
  "cpStd_16": 2,
  "doStd_16": 7,
  "prValid_16": 1,
  "cpValid_16": 1,
  "halfCyc_16": 1,
  "subHalfCyc_16": 1,
  "reserved3_16": 0,
  "prMes_17": 34929434.6970158,
  "cpMes_17": 183555419.2489424,
  "doMes_17": -332.32421875,
  "gnssId_17": 5,
  "svId_17": 7,
  "sigId_17": 0,
  "freqId_17": 0,
  "locktime_17": 64500,
  "cno_17": 33,
  "prStd_17": 6,
  "cpStd_17": 5,
  "doStd_17": 8,
  "prValid_17": 1,
  "cpValid_17": 1,
  "halfCyc_17": 1,
  "subHalfCyc_17": 0,
  "reserved3_17": 0,
  "prMes_18": 22429399.44356584,
  "cpMes_18": 117867457.6355592,
  "doMes_18": -647.771728515625,
  "gnssId_18": 2,
  "svId_18": 12,
  "sigId_18": 0,
  "freqId_18": 0,
  "locktime_18": 64500,
  "cno_18": 44,
  "prStd_18": 4,
  "cpStd_18": 1,
  "doStd_18": 5,
  "prValid_18": 1,
  "cpValid_18": 1,
  "halfCyc_18": 1,
  "subHalfCyc_18": 0,
  "reserved3_18": 0,
  "prMes_19": 34324796.6028078,
  "cpMes_19": 178738416.02730912,
  "doMes_19": -553.59130859375,
  "gnssId_19": 3,
  "svId_19": 7,
  "sigId_19": 0,
  "freqId_19": 0,
  "locktime_19": 64500,
  "cno_19": 44,
  "prStd_19": 3,
  "cpStd_19": 1,
  "doStd_19": 6,
  "prValid_19": 1,
  "cpValid_19": 1,
  "halfCyc_19": 1,
  "subHalfCyc_19": 1,
  "reserved3_19": 0,
  "prMes_20": 34499462.08171542,
  "cpMes_20": 179647752.12614575,
  "doMes_20": -1478.3385009765625,
  "gnssId_20": 3,
  "svId_20": 6,
  "sigId_20": 0,
  "freqId_20": 0,
  "locktime_20": 0,
  "cno_20": 23,
  "prStd_20": 9,
  "cpStd_20": 15,
  "doStd_20": 12,
  "prValid_20": 1,
  "cpValid_20": 0,
  "halfCyc_20": 0,
  "subHalfCyc_20": 0,
  "reserved3_20": 0,
  "prMes_21": 17570220.688878942,
  "cpMes_21": 93791222.18844868,
  "doMes_21": -2125.22998046875,
  "gnssId_21": 6,
  "svId_21": 22,
  "sigId_21": 0,
  "freqId_21": 4,
  "locktime_21": 64500,
  "cno_21": 49,
  "prStd_21": 5,
  "cpStd_21": 1,
  "doStd_21": 4,