{
  "start_time": "2023-09-21 00:55:14",
  "rcvTow": 320129.993,
  "week": 2280,
  "leapS": 18,
  "numMeas": 48,
  "leapSec": 1,
  "clkReset": 0,
  "reserved1": 15526401,
  "prMes_01": 24260764.051784948,
  "cpMes_01": 127491303.40288591,
  "doMes_01": -1389.79150390625,
  "gnssId_01": 2,
  "svId_01": 31,
  "sigId_01": 0,
  "freqId_01": 0,
  "locktime_01": 64500,
  "cno_01": 40,
  "prStd_01": 4,
  "cpStd_01": 2,
  "doStd_01": 6,
  "prValid_01": 1,
  "cpValid_01": 1,
  "halfCyc_01": 1,
  "subHalfCyc_01": 0,
  "reserved3_01": 0,
  "prMes_02": 35217395.522366695,
  "cpMes_02": 185068723.74529532,
  "doMes_02": -592.021240234375,
  "gnssId_02": 5,
  "svId_02": 4,
  "sigId_02": 0,
  "freqId_02": 0,
  "locktime_02": 64500,
  "cno_02": 39,
  "prStd_02": 4,
  "cpStd_02": 2,
  "doStd_02": 7,
  "prValid_02": 1,
  "cpValid_02": 1,
  "halfCyc_02": 1,
  "subHalfCyc_02": 1,
  "reserved3_02": 0,
  "prMes_03": 18014180.43193866,
  "cpMes_03": 94665140.78206776,
  "doMes_03": 106.926513671875,
  "gnssId_03": 0,
  "svId_03": 7,
  "sigId_03": 0,
  "freqId_03": 0,
  "locktime_03": 64500,
  "cno_03": 37,
  "prStd_03": 5,
  "cpStd_03": 3,
  "doStd_03": 7,
  "prValid_03": 1,
  "cpValid_03": 1,
  "halfCyc_03": 1,
  "subHalfCyc_03": 1,
  "reserved3_03": 0,
  "prMes_04": 22162815.906524885,
  "cpMes_04": 116466341.42723459,
  "doMes_04": -167.214599609375,
  "gnssId_04": 2,
  "svId_04": 24,
  "sigId_04": 0,
  "freqId_04": 0,
  "locktime_04": 64500,
  "cno_04": 45,
  "prStd_04": 3,
  "cpStd_04": 1,
  "doStd_04": 6,
  "prValid_04": 1,
  "cpValid_04": 1,
  "halfCyc_04": 1,
  "subHalfCyc_04": 0,
  "reserved3_04": 0,
  "prMes_05": 34948132.08712655,
  "cpMes_05": 181984081.1612832,
  "doMes_05": -1547.593994140625,
  "gnssId_05": 3,
  "svId_05": 16,
  "sigId_05": 0,
  "freqId_05": 0,
  "locktime_05": 64500,
  "cno_05": 31,
  "prStd_05": 6,
  "cpStd_05": 5,
  "doStd_05": 8,
  "prValid_05": 1,
  "cpValid_05": 1,
  "halfCyc_05": 1,
  "subHalfCyc_05": 1,
  "reserved3_05": 0,
  "prMes_06": 20562324.9130942,
  "cpMes_06": 107073451.29858463,
  "doMes_06": -2381.490478515625,
  "gnssId_06": 3,
  "svId_06": 29,
  "sigId_06": 0,
  "freqId_06": 0,
  "locktime_06": 64500,
  "cno_06": 46,
  "prStd_06": 3,
  "cpStd_06": 1,
  "doStd_06": 6,
  "prValid_06": 1,
  "cpValid_06": 1,
  "halfCyc_06": 1,
  "subHalfCyc_06": 1,
  "reserved3_06": 0,
  "prMes_07": 35721118.09167722,
  "cpMes_07": 186009235.4245084,
  "doMes_07": -1768.3856201171875,
  "gnssId_07": 3,
  "svId_07": 39,
  "sigId_07": 0,
  "freqId_07": 0,
  "locktime_07": 0,
  "cno_07": 26,
  "prStd_07": 8,
  "cpStd_07": 15,
  "doStd_07": 9,
  "prValid_07": 1,
  "cpValid_07": 0,
  "halfCyc_07": 0,
  "subHalfCyc_07": 0,
  "reserved3_07": 0,
  "prMes_08": 34782680.53161088,
  "cpMes_08": 181122903.25898394,
  "doMes_08": -765.4746704101562,
  "gnssId_08": 3,
  "svId_08": 40,
  "sigId_08": 0,
  "freqId_08": 0,
  "locktime_08": 64500,
  "cno_08": 44,
  "prStd_08": 3,
  "cpStd_08": 1,
  "doStd_08": 6,
  "prValid_08": 1,
  "cpValid_08": 1,
  "halfCyc_08": 1,
  "subHalfCyc_08": 0,
  "reserved3_08": 0,
  "prMes_09": 34687549.328937694,
  "cpMes_09": 180627183.54504287,
  "doMes_09": -500.27587890625,
  "gnssId_09": 3,
  "svId_09": 10,
  "sigId_09": 0,
  "freqId_09": 0,
  "locktime_09": 64500,
  "cno_09": 28,
  "prStd_09": 8,
  "cpStd_09": 8,
  "doStd_09": 8,
  "prValid_09": 1,
  "cpValid_09": 1,
  "halfCyc_09": 1,
  "subHalfCyc_09": 1,
  "reserved3_09": 0,
  "prMes_10": 33770429.39418883,
  "cpMes_10": 175851488.44271937,
  "doMes_10": -1047.686767578125,
  "gnssId_10": 3,
  "svId_10": 9,
  "sigId_10": 0,
  "freqId_10": 0,
  "locktime_10": 54960,
  "cno_10": 26,
  "prStd_10": 7,
  "cpStd_10": 9,
  "doStd_10": 8,
  "prValid_10": 1,
  "cpValid_10": 1,
  "halfCyc_10": 1,
  "subHalfCyc_10": 0,
  "reserved3_10": 0,
  "prMes_11": 19588497.612391714,
  "cpMes_11": 104674987.91963418,
  "doMes_11": -2043.2620849609375,
  "gnssId_11": 6,
  "svId_11": 11,
  "sigId_11": 0,
  "freqId_11": 7,
  "locktime_11": 64500,
  "cno_11": 48,
  "prStd_11": 5,
  "cpStd_11": 1,
  "doStd_11": 5,
  "prValid_11": 1,
  "cpValid_11": 1,
  "halfCyc_11": 1,
  "subHalfCyc_11": 1,
  "reserved3_11": 0,
  "prMes_12": 17847052.30736959,
  "cpMes_12": 95469684.68121743,
  "doMes_12": 2189.2802734375,
  "gnssId_12": 6,
  "svId_12": 23,
  "sigId_12": 0,
  "freqId_12": 10,
  "locktime_12": 27900,
  "cno_12": 27,
  "prStd_12": 8,
  "cpStd_12": 7,
  "doStd_12": 8,
  "prValid_12": 1,
  "cpValid_12": 1,
  "halfCyc_12": 1,
  "subHalfCyc_12": 0,
  "reserved3_12": 0,
  "prMes_13": 20608608.275533065,
  "cpMes_13": 108298960.01504838,
  "doMes_13": -3182.7685546875,
  "gnssId_13": 0,
  "svId_13": 8,
  "sigId_13": 0,
  "freqId_13": 0,
  "locktime_13": 64500,
  "cno_13": 43,
  "prStd_13": 3,
  "cpStd_13": 1,
  "doStd_13": 6,
  "prValid_13": 1,
  "cpValid_13": 1,
  "halfCyc_13": 1,
  "subHalfCyc_13": 1,
  "reserved3_13": 0,
  "prMes_14": 36788194.02151007,
  "cpMes_14": 193323590.10717785,
  "doMes_14": -952.13623046875,
  "gnssId_14": 5,
  "svId_14": 3,
  "sigId_14": 0,
  "freqId_14": 0,
  "locktime_14": 64500,
  "cno_14": 40,
  "prStd_14": 4,
  "cpStd_14": 2,
  "doStd_14": 7,
  "prValid_14": 1,
  "cpValid_14": 1,
  "halfCyc_14": 1,
  "subHalfCyc_14": 1,
  "reserved3_14": 0,
  "prMes_15": 34930767.120676264,
  "cpMes_15": 183562421.67422333,
  "doMes_15": -333.9423828125,
  "gnssId_15": 5,
  "svId_15": 7,
  "sigId_15": 0,
  "freqId_15": 0,
  "locktime_15": 64500,
  "cno_15": 33,
  "prStd_15": 6,
  "cpStd_15": 5,
  "doStd_15": 8,
  "prValid_15": 1,
  "cpValid_15": 1,
  "halfCyc_15": 1,
  "subHalfCyc_15": 0,
  "reserved3_15": 0,
  "prMes_16": 22432008.205607757,
  "cpMes_16": 117881166.02516168,
  "doMes_16": -658.1201171875,
  "gnssId_16": 2,
  "svId_16": 12,
  "sigId_16": 0,
  "freqId_16": 0,
  "locktime_16": 64500,
  "cno_16": 43,
  "prStd_16": 4,
  "cpStd_16": 1,
  "doStd_16": 6,
  "prValid_16": 1,
  "cpValid_16": 1,
  "halfCyc_16": 1,
  "subHalfCyc_16": 0,
  "reserved3_16": 0,
  "prMes_17": 34327028.04521321,
  "cpMes_17": 178750034.88625985,
  "doMes_17": -553.0224609375,
  "gnssId_17": 3,
  "svId_17": 7,
  "sigId_17": 0,
  "freqId_17": 0,
  "locktime_17": 64500,
  "cno_17": 44,
  "prStd_17": 3,
  "cpStd_17": 1,
  "doStd_17": 6,
  "prValid_17": 1,
  "cpValid_17": 1,
  "halfCyc_17": 1,
  "subHalfCyc_17": 1,
  "reserved3_17": 0,
  "prMes_18": 34505404.16075727,
  "cpMes_18": 179678693.53593925,
  "doMes_18": -1474.863525390625,
  "gnssId_18": 3,
  "svId_18": 6,
  "sigId_18": 0,
  "freqId_18": 0,
  "locktime_18": 0,
  "cno_18": 22,
  "prStd_18": 9,
  "cpStd_18": 15,
  "doStd_18": 12,
  "prValid_18": 1,
  "cpValid_18": 0,
  "halfCyc_18": 0,
  "subHalfCyc_18": 0,
  "reserved3_18": 0,
  "prMes_19": 17578613.12805421,
  "cpMes_19": 93836022.95404087,
  "doMes_19": -2141.4580078125,
  "gnssId_19": 6,
  "svId_19": 22,
  "sigId_19": 0,
  "freqId_19": 4,
  "locktime_19": 64500,
  "cno_19": 49,
  "prStd_19": 5,
  "cpStd_19": 1,
  "doStd_19": 5,
  "prValid_19": 1,
  "cpValid_19": 1,
  "halfCyc_19": 1,
  "subHalfCyc_19": 1,
  "reserved3_19": 0,
  "prMes_20": 17963646.21555277,
  "cpMes_20": 95958530.29575539,
  "doMes_20": 1019.6543579101562,
  "gnssId_20": 6,
  "svId_20": 12,
  "sigId_20": 0,
  "freqId_20": 6,
  "locktime_20": 64500,
  "cno_20": 48,
  "prStd_20": 5,
  "cpStd_20": 1,
  "doStd_20": 5,
  "prValid_20": 1,
  "cpValid_20": 1,
  "halfCyc_20": 1,
  "subHalfCyc_20": 1,
  "reserved3_20": 0,
  "prMes_21": 21120188.117928464,
  "cpMes_21": 113018270.05633172,
  "doMes_21": -4457.8642578125,
  "gnssId_21": 6,
  "svId_21": 21,
  "sigId_21": 0,
  "freqId_21": 11,
  "locktime_21": 64500,
  "cno_21": 41,
  "prStd_21": 5,
  "cpStd_21": 1,
  "doStd_21": 6,