{
  "start_time": "2023-09-21 00:06:44",
  "rcvTow": 317219.992,
  "week": 2280,
  "leapS": 18,
  "numMeas": 48,
  "leapSec": 1,
  "clkReset": 0,
  "reserved1": 8763649,
  "prMes_01": 23534966.693190217,
  "cpMes_01": 123677213.92776714,
  "doMes_01": -1270.43359375,
  "gnssId_01": 2,
  "svId_01": 31,
  "sigId_01": 0,
  "freqId_01": 0,
  "locktime_01": 64500,
  "cno_01": 41,
  "prStd_01": 4,
  "cpStd_01": 2,
  "doStd_01": 6,
  "prValid_01": 1,
  "cpValid_01": 1,
  "halfCyc_01": 1,
  "subHalfCyc_01": 0,
  "reserved3_01": 0,
  "prMes_02": 34859904.6854052,
  "cpMes_02": 183190064.8717356,
  "doMes_02": -697.681640625,
  "gnssId_02": 5,
  "svId_02": 4,
  "sigId_02": 0,
  "freqId_02": 0,
  "locktime_02": 64500,
  "cno_02": 43,
  "prStd_02": 3,
  "cpStd_02": 1,
  "doStd_02": 6,
  "prValid_02": 1,
  "cpValid_02": 1,
  "halfCyc_02": 1,
  "subHalfCyc_02": 1,
  "reserved3_02": 0,
  "prMes_03": 18517795.375910107,
  "cpMes_03": 97311656.72635305,
  "doMes_03": 1602.25830078125,
  "gnssId_03": 0,
  "svId_03": 7,
  "sigId_03": 0,
  "freqId_03": 0,
  "locktime_03": 64500,
  "cno_03": 35,
  "prStd_03": 5,
  "cpStd_03": 4,
  "doStd_03": 8,
  "prValid_03": 1,
  "cpValid_03": 1,
  "halfCyc_03": 1,
  "subHalfCyc_03": 1,
  "reserved3_03": 0,
  "prMes_04": 22080931.280495938,
  "cpMes_04": 116036032.94064038,
  "doMes_04": -152.90771484375,
  "gnssId_04": 2,
  "svId_04": 24,
  "sigId_04": 0,
  "freqId_04": 0,
  "locktime_04": 64500,
  "cno_04": 47,
  "prStd_04": 3,
  "cpStd_04": 1,
  "doStd_04": 5,
  "prValid_04": 1,
  "cpValid_04": 1,
  "halfCyc_04": 1,
  "subHalfCyc_04": 0,
  "reserved3_04": 0,
  "prMes_05": 34197546.14594677,
  "cpMes_05": 178075684.82213005,
  "doMes_05": -1123.895751953125,
  "gnssId_05": 3,
  "svId_05": 16,
  "sigId_05": 0,
  "freqId_05": 0,
  "locktime_05": 64500,
  "cno_05": 40,
  "prStd_05": 4,
  "cpStd_05": 2,
  "doStd_05": 7,
  "prValid_05": 1,
  "cpValid_05": 1,
  "halfCyc_05": 1,
  "subHalfCyc_05": 1,
  "reserved3_05": 0,
  "prMes_06": 19537595.860318676,
  "cpMes_06": 101737415.8090954,
  "doMes_06": -1192.96826171875,
  "gnssId_06": 3,
  "svId_06": 29,
  "sigId_06": 0,
  "freqId_06": 0,
  "locktime_06": 64500,
  "cno_06": 43,
  "prStd_06": 3,
  "cpStd_06": 1,
  "doStd_06": 6,
  "prValid_06": 1,
  "cpValid_06": 1,
  "halfCyc_06": 1,
  "subHalfCyc_06": 1,
  "reserved3_06": 0,
  "prMes_07": 34821452.6757279,
  "cpMes_07": 181324504.2444898,
  "doMes_07": -1430.01953125,
  "gnssId_07": 3,
  "svId_07": 39,
  "sigId_07": 0,
  "freqId_07": 0,
  "locktime_07": 64500,
  "cno_07": 36,
  "prStd_07": 5,
  "cpStd_07": 3,
  "doStd_07": 8,
  "prValid_07": 1,
  "cpValid_07": 1,
  "halfCyc_07": 1,
  "subHalfCyc_07": 1,
  "reserved3_07": 0,
  "prMes_08": 34311082.607423216,
  "cpMes_08": 178667164.66975236,
  "doMes_08": -900.572021484375,
  "gnssId_08": 3,
  "svId_08": 40,
  "sigId_08": 0,
  "freqId_08": 0,
  "locktime_08": 64500,
  "cno_08": 47,
  "prStd_08": 3,
  "cpStd_08": 1,
  "doStd_08": 5,
  "prValid_08": 1,
  "cpValid_08": 1,
  "halfCyc_08": 1,
  "subHalfCyc_08": 0,
  "reserved3_08": 0,
  "prMes_09": 34379185.32551958,
  "cpMes_09": 179021439.43242258,
  "doMes_09": -585.467529296875,
  "gnssId_09": 3,
  "svId_09": 10,
  "sigId_09": 0,
  "freqId_09": 0,
  "locktime_09": 0,
  "cno_09": 25,
  "prStd_09": 8,
  "cpStd_09": 15,
  "doStd_09": 10,
  "prValid_09": 1,
  "cpValid_09": 0,
  "halfCyc_09": 0,
  "subHalfCyc_09": 0,
  "reserved3_09": 0,
  "prMes_10": 33325191.028401278,
  "cpMes_10": 173533115.66885355,
  "doMes_10": -547.76611328125,
  "gnssId_10": 3,
  "svId_10": 9,
  "sigId_10": 0,
  "freqId_10": 0,
  "locktime_10": 64500,
  "cno_10": 36,
  "prStd_10": 5,
  "cpStd_10": 3,
  "doStd_10": 7,
  "prValid_10": 1,
  "cpValid_10": 1,
  "halfCyc_10": 1,
  "subHalfCyc_10": 1,
  "reserved3_10": 0,
  "prMes_11": 18798602.259251207,
  "cpMes_11": 100454032.96184716,
  "doMes_11": -925.65673828125,
  "gnssId_11": 6,
  "svId_11": 11,
  "sigId_11": 0,
  "freqId_11": 7,
  "locktime_11": 64500,
  "cno_11": 50,
  "prStd_11": 5,
  "cpStd_11": 1,
  "doStd_11": 4,
  "prValid_11": 1,
  "cpValid_11": 1,
  "halfCyc_11": 1,
  "subHalfCyc_11": 1,
  "reserved3_11": 0,
  "prMes_12": 18934764.84231603,
  "cpMes_12": 99502855.57954013,
  "doMes_12": -2742.06787109375,
  "gnssId_12": 0,
  "svId_12": 8,
  "sigId_12": 0,
  "freqId_12": 0,
  "locktime_12": 64500,
  "cno_12": 44,
  "prStd_12": 3,
  "cpStd_12": 1,
  "doStd_12": 6,
  "prValid_12": 1,
  "cpValid_12": 1,
  "halfCyc_12": 1,
  "subHalfCyc_12": 1,
  "reserved3_12": 0,
  "prMes_13": 36290573.89951459,
  "cpMes_13": 190708566.026018,
  "doMes_13": -834.100341796875,
  "gnssId_13": 5,
  "svId_13": 3,
  "sigId_13": 0,
  "freqId_13": 0,
  "locktime_13": 64500,
  "cno_13": 44,
  "prStd_13": 3,
  "cpStd_13": 1,
  "doStd_13": 6,
  "prValid_13": 1,
  "cpValid_13": 1,
  "halfCyc_13": 1,
  "subHalfCyc_13": 1,
  "reserved3_13": 0,
  "prMes_14": 34745630.28730616,
  "cpMes_14": 182589523.34402072,
  "doMes_14": -334.999755859375,
  "gnssId_14": 5,
  "svId_14": 7,
  "sigId_14": 0,
  "freqId_14": 0,
  "locktime_14": 64500,
  "cno_14": 31,
  "prStd_14": 6,
  "cpStd_14": 5,
  "doStd_14": 8,
  "prValid_14": 1,
  "cpValid_14": 1,
  "halfCyc_14": 1,
  "subHalfCyc_14": 0,
  "reserved3_14": 0,
  "prMes_15": 22450706.69298385,
  "cpMes_15": 117979412.85980324,
  "doMes_15": 699.985595703125,
  "gnssId_15": 2,
  "svId_15": 12,
  "sigId_15": 0,
  "freqId_15": 0,
  "locktime_15": 64500,
  "cno_15": 42,
  "prStd_15": 4,
  "cpStd_15": 1,
  "doStd_15": 6,
  "prValid_15": 1,
  "cpValid_15": 1,
  "halfCyc_15": 1,
  "subHalfCyc_15": 0,
  "reserved3_15": 0,
  "prMes_16": 33984891.16581596,
  "cpMes_16": 176968432.6330183,
  "doMes_16": -655.54931640625,
  "gnssId_16": 3,
  "svId_16": 7,
  "sigId_16": 0,
  "freqId_16": 0,
  "locktime_16": 64500,
  "cno_16": 41,
  "prStd_16": 3,
  "cpStd_16": 1,
  "doStd_16": 6,
  "prValid_16": 1,
  "cpValid_16": 1,
  "halfCyc_16": 1,
  "subHalfCyc_16": 1,
  "reserved3_16": 0,
  "prMes_17": 33802143.759490155,
  "cpMes_17": 176016728.01704663,
  "doMes_17": -1031.577392578125,
  "gnssId_17": 3,
  "svId_17": 6,
  "sigId_17": 0,
  "freqId_17": 0,
  "locktime_17": 64500,
  "cno_17": 36,
  "prStd_17": 5,
  "cpStd_17": 3,
  "doStd_17": 8,
  "prValid_17": 1,
  "cpValid_17": 1,
  "halfCyc_17": 1,
  "subHalfCyc_17": 1,
  "reserved3_17": 0,
  "prMes_18": 17079961.96399203,
  "cpMes_18": 91174181.46715645,
  "doMes_18": 378.0348815917969,
  "gnssId_18": 6,
  "svId_18": 22,
  "sigId_18": 0,
  "freqId_18": 4,
  "locktime_18": 64500,
  "cno_18": 50,
  "prStd_18": 5,
  "cpStd_18": 1,
  "doStd_18": 4,
  "prValid_18": 1,
  "cpValid_18": 1,
  "halfCyc_18": 1,
  "subHalfCyc_18": 1,
  "reserved3_18": 0,
  "prMes_19": 18690981.1894739,
  "cpMes_19": 99843818.33720508,
  "doMes_19": 1519.67138671875,
  "gnssId_19": 6,
  "svId_19": 12,
  "sigId_19": 0,
  "freqId_19": 6,
  "locktime_19": 64500,
  "cno_19": 51,
  "prStd_19": 5,
  "cpStd_19": 1,
  "doStd_19": 4,
  "prValid_19": 1,
  "cpValid_19": 1,
  "halfCyc_19": 1,
  "subHalfCyc_19": 1,
  "reserved3_19": 0,
  "prMes_20": 18952332.81222403,
  "cpMes_20": 101418097.64869982,
  "doMes_20": -3296.52587890625,
  "gnssId_20": 6,
  "svId_20": 21,
  "sigId_20": 0,
  "freqId_20": 11,
  "locktime_20": 64500,
  "cno_20": 49,
  "prStd_20": 5,
  "cpStd_20": 1,
  "doStd_20": 5,
  "prValid_20": 1,
  "cpValid_20": 1,
  "halfCyc_20": 1,
  "subHalfCyc_20": 0,
  "reserved3_20": 0,
  "prMes_21": 23257823.63327068,
  "cpMes_21": 122220767.69577737,
  "doMes_21": -2508.245849609375,
  "gnssId_21": 0,
  "svId_21": 16,
  "sigId_21": 0,
  "freqId_21": 0,
  "locktime_21": 64500,
  "cno_21": 26,
  "prStd_21": 6,
  "cpStd_21": 8,
  "doStd_21": 8,