{
  "start_time": "2023-09-21 00:49:15",
  "rcvTow": 319770.993,
  "week": 2280,
  "leapS": 18,
  "numMeas": 50,
  "leapSec": 1,
  "clkReset": 0,
  "reserved1": 7508481,
  "prMes_01": 24166798.14219501,
  "cpMes_01": 126997502.19524541,
  "doMes_01": -1362.42919921875,
  "gnssId_01": 2,
  "svId_01": 31,
  "sigId_01": 0,
  "freqId_01": 0,
  "locktime_01": 64500,
  "cno_01": 43,
  "prStd_01": 4,
  "cpStd_01": 1,
  "doStd_01": 6,
  "prValid_01": 1,
  "cpValid_01": 1,
  "halfCyc_01": 1,
  "subHalfCyc_01": 0,
  "reserved3_01": 0,
  "prMes_02": 19289166.961560834,
  "cpMes_02": 101365274.37844655,
  "doMes_02": 1884.178466796875,
  "gnssId_02": 0,
  "svId_02": 30,
  "sigId_02": 0,
  "freqId_02": 0,
  "locktime_02": 64500,
  "cno_02": 31,
  "prStd_02": 6,
  "cpStd_02": 6,
  "doStd_02": 9,
  "prValid_02": 1,
  "cpValid_02": 1,
  "halfCyc_02": 1,
  "subHalfCyc_02": 0,
  "reserved3_02": 0,
  "prMes_03": 35176510.1013199,
  "cpMes_03": 184853867.79163355,
  "doMes_03": -605.57861328125,
  "gnssId_03": 5,
  "svId_03": 4,
  "sigId_03": 0,
  "freqId_03": 0,
  "locktime_03": 64500,
  "cno_03": 36,
  "prStd_03": 5,
  "cpStd_03": 3,
  "doStd_03": 7,
  "prValid_03": 1,
  "cpValid_03": 1,
  "halfCyc_03": 1,
  "subHalfCyc_03": 1,
  "reserved3_03": 0,
  "prMes_04": 18028934.270232756,
  "cpMes_04": 94742670.1008775,
  "doMes_04": 323.6357421875,
  "gnssId_04": 0,
  "svId_04": 7,
  "sigId_04": 0,
  "freqId_04": 0,
  "locktime_04": 64500,
  "cno_04": 38,
  "prStd_04": 5,
  "cpStd_04": 2,
  "doStd_04": 7,
  "prValid_04": 1,
  "cpValid_04": 1,
  "halfCyc_04": 1,
  "subHalfCyc_04": 1,
  "reserved3_04": 0,
  "prMes_05": 22151805.05491849,
  "cpMes_05": 116408477.5652945,
  "doMes_05": -156.77099609375,
  "gnssId_05": 2,
  "svId_05": 24,
  "sigId_05": 0,
  "freqId_05": 0,
  "locktime_05": 64500,
  "cno_05": 44,
  "prStd_05": 3,
  "cpStd_05": 1,
  "doStd_05": 6,
  "prValid_05": 1,
  "cpValid_05": 1,
  "halfCyc_05": 1,
  "subHalfCyc_05": 0,
  "reserved3_05": 0,
  "prMes_06": 34843033.61875839,
  "cpMes_06": 181436900.783083,
  "doMes_06": -1501.3428955078125,
  "gnssId_06": 3,
  "svId_06": 16,
  "sigId_06": 0,
  "freqId_06": 0,
  "locktime_06": 64500,
  "cno_06": 32,
  "prStd_06": 5,
  "cpStd_06": 5,
  "doStd_06": 8,
  "prValid_06": 1,
  "cpValid_06": 1,
  "halfCyc_06": 1,
  "subHalfCyc_06": 1,
  "reserved3_06": 0,
  "prMes_07": 20402048.846461046,
  "cpMes_07": 106238846.67978592,
  "doMes_07": -2266.914794921875,
  "gnssId_07": 3,
  "svId_07": 29,
  "sigId_07": 0,
  "freqId_07": 0,
  "locktime_07": 64500,
  "cno_07": 47,
  "prStd_07": 3,
  "cpStd_07": 1,
  "doStd_07": 5,
  "prValid_07": 1,
  "cpValid_07": 1,
  "halfCyc_07": 1,
  "subHalfCyc_07": 1,
  "reserved3_07": 0,
  "prMes_08": 35600397.01594326,
  "cpMes_08": 185380619.73342067,
  "doMes_08": -1734.816162109375,
  "gnssId_08": 3,
  "svId_08": 39,
  "sigId_08": 0,
  "freqId_08": 0,
  "locktime_08": 64500,
  "cno_08": 28,
  "prStd_08": 6,
  "cpStd_08": 7,
  "doStd_08": 8,
  "prValid_08": 1,
  "cpValid_08": 1,
  "halfCyc_08": 1,
  "subHalfCyc_08": 1,
  "reserved3_08": 0,
  "prMes_09": 34729107.63226514,
  "cpMes_09": 180843932.8873371,
  "doMes_09": -789.26123046875,
  "gnssId_09": 3,
  "svId_09": 40,
  "sigId_09": 0,
  "freqId_09": 0,
  "locktime_09": 64500,
  "cno_09": 46,
  "prStd_09": 3,
  "cpStd_09": 1,
  "doStd_09": 5,
  "prValid_09": 1,
  "cpValid_09": 1,
  "halfCyc_09": 1,
  "subHalfCyc_09": 0,
  "reserved3_09": 0,
  "prMes_10": 34652492.66431134,
  "cpMes_10": 180444633.52815768,
  "doMes_10": -517.181640625,
  "gnssId_10": 3,
  "svId_10": 10,
  "sigId_10": 0,
  "freqId_10": 0,
  "locktime_10": 64500,
  "cno_10": 28,
  "prStd_10": 6,
  "cpStd_10": 6,
  "doStd_10": 8,
  "prValid_10": 1,
  "cpValid_10": 1,
  "halfCyc_10": 1,
  "subHalfCyc_10": 1,
  "reserved3_10": 0,
  "prMes_11": 33700330.29789212,
  "cpMes_11": 175486463.3961979,
  "doMes_11": -986.9326171875,
  "gnssId_11": 3,
  "svId_11": 9,
  "sigId_11": 0,
  "freqId_11": 0,
  "locktime_11": 0,
  "cno_11": 25,
  "prStd_11": 8,
  "cpStd_11": 15,
  "doStd_11": 10,
  "prValid_11": 1,
  "cpValid_11": 0,
  "halfCyc_11": 0,
  "subHalfCyc_11": 0,
  "reserved3_11": 0,
  "prMes_12": 19456525.546951175,
  "cpMes_12": 103969772.22481835,
  "doMes_12": -1886.5380859375,
  "gnssId_12": 6,
  "svId_12": 11,
  "sigId_12": 0,
  "freqId_12": 7,
  "locktime_12": 64500,
  "cno_12": 48,
  "prStd_12": 5,
  "cpStd_12": 1,
  "doStd_12": 5,
  "prValid_12": 1,
  "cpValid_12": 1,
  "halfCyc_12": 1,
  "subHalfCyc_12": 1,
  "reserved3_12": 0,
  "prMes_13": 20382079.413766924,
  "cpMes_13": 108839166.92323512,
  "doMes_13": 2711.77734375,
  "gnssId_13": 6,
  "svId_13": 13,
  "sigId_13": 0,
  "freqId_13": 5,
  "locktime_13": 0,
  "cno_13": 25,
  "prStd_13": 9,
  "cpStd_13": 15,
  "doStd_13": 10,
  "prValid_13": 1,
  "cpValid_13": 0,
  "halfCyc_13": 0,
  "subHalfCyc_13": 0,
  "reserved3_13": 0,
  "prMes_14": 18002606.27493251,
  "cpMes_14": 96301803.98214659,
  "doMes_14": 2447.220947265625,
  "gnssId_14": 6,
  "svId_14": 23,
  "sigId_14": 0,
  "freqId_14": 10,
  "locktime_14": 0,
  "cno_14": 23,
  "prStd_14": 9,
  "cpStd_14": 15,
  "doStd_14": 12,
  "prValid_14": 1,
  "cpValid_14": 0,
  "halfCyc_14": 0,
  "subHalfCyc_14": 0,
  "reserved3_14": 0,
  "prMes_15": 20391722.71989573,
  "cpMes_15": 107159220.75952978,
  "doMes_15": -3165.88134765625,
  "gnssId_15": 0,
  "svId_15": 8,
  "sigId_15": 0,
  "freqId_15": 0,
  "locktime_15": 64500,
  "cno_15": 43,
  "prStd_15": 3,
  "cpStd_15": 1,
  "doStd_15": 6,
  "prValid_15": 1,
  "cpValid_15": 1,
  "halfCyc_15": 1,
  "subHalfCyc_15": 1,
  "reserved3_15": 0,
  "prMes_16": 36723519.12465045,
  "cpMes_16": 192983718.02525795,
  "doMes_16": -941.729736328125,
  "gnssId_16": 5,
  "svId_16": 3,
  "sigId_16": 0,
  "freqId_16": 0,
  "locktime_16": 64500,
  "cno_16": 41,
  "prStd_16": 4,
  "cpStd_16": 1,
  "doStd_16": 6,
  "prValid_16": 1,
  "cpValid_16": 1,
  "halfCyc_16": 1,
  "subHalfCyc_16": 1,
  "reserved3_16": 0,
  "prMes_17": 34907977.862376906,
  "cpMes_17": 183442665.4082505,
  "doMes_17": -334.6171875,
  "gnssId_17": 5,
  "svId_17": 7,
  "sigId_17": 0,
  "freqId_17": 0,
  "locktime_17": 64500,
  "cno_17": 33,
  "prStd_17": 6,
  "cpStd_17": 4,
  "doStd_17": 8,
  "prValid_17": 1,
  "cpValid_17": 1,
  "halfCyc_17": 1,
  "subHalfCyc_17": 0,
  "reserved3_17": 0,
  "prMes_18": 22392957.376557574,
  "cpMes_18": 117675952.64059398,
  "doMes_18": -485.794921875,
  "gnssId_18": 2,
  "svId_18": 12,
  "sigId_18": 0,
  "freqId_18": 0,
  "locktime_18": 64500,
  "cno_18": 43,
  "prStd_18": 4,
  "cpStd_18": 1,
  "doStd_18": 6,
  "prValid_18": 1,
  "cpValid_18": 1,
  "halfCyc_18": 1,
  "subHalfCyc_18": 0,
  "reserved3_18": 0,
  "prMes_19": 34288308.98961441,
  "cpMes_19": 178548414.10127485,
  "doMes_19": -570.679931640625,
  "gnssId_19": 3,
  "svId_19": 7,
  "sigId_19": 0,
  "freqId_19": 0,
  "locktime_19": 64500,
  "cno_19": 44,
  "prStd_19": 3,
  "cpStd_19": 1,
  "doStd_19": 6,
  "prValid_19": 1,
  "cpValid_19": 1,
  "halfCyc_19": 1,
  "subHalfCyc_19": 1,
  "reserved3_19": 0,
  "prMes_20": 34405452.43217751,
  "cpMes_20": 179158219.0102303,
  "doMes_20": -1429.1558837890625,
  "gnssId_20": 3,
  "svId_20": 6,
  "sigId_20": 0,
  "freqId_20": 0,
  "locktime_20": 0,
  "cno_20": 23,
  "prStd_20": 9,
  "cpStd_20": 15,
  "doStd_20": 12,
  "prValid_20": 1,
  "cpValid_20": 0,
  "halfCyc_20": 0,
  "subHalfCyc_20": 0,
  "reserved3_20": 0,
  "prMes_21": 17443963.188914597,
  "cpMes_21": 93117252.20809332,
  "doMes_21": -1861.034912109375,
  "gnssId_21": 6,
  "svId_21": 22,
  "sigId_21": 0,
  "freqId_21": 4,
  "locktime_21": 64500,
  "cno_21": 49,
  "prStd_21": 5,
  "cpStd_21": 1,
  "doStd_21": 5,
  "prValid_21": 1,