{
  "start_time": "2023-09-21 00:33:14",
  "rcvTow": 318809.993,
  "week": 2280,
  "leapS": 18,
  "numMeas": 51,
  "leapSec": 1,
  "clkReset": 0,
  "reserved1": 13150721,
  "prMes_01": 23923147.082695268,
  "cpMes_01": 125717117.04241733,
  "doMes_01": -1306.658935546875,
  "gnssId_01": 2,
  "svId_01": 31,
  "sigId_01": 0,
  "freqId_01": 0,
  "locktime_01": 64500,
  "cno_01": 40,
  "prStd_01": 4,
  "cpStd_01": 2,
  "doStd_01": 6,
  "prValid_01": 1,
  "cpValid_01": 1,
  "halfCyc_01": 1,
  "subHalfCyc_01": 0,
  "reserved3_01": 0,
  "prMes_02": 35062520.52379019,
  "cpMes_02": 184254842.85673988,
  "doMes_02": -641.239501953125,
  "gnssId_02": 5,
  "svId_02": 4,
  "sigId_02": 0,
  "freqId_02": 0,
  "locktime_02": 64500,
  "cno_02": 42,
  "prStd_02": 4,
  "cpStd_02": 1,
  "doStd_02": 6,
  "prValid_02": 1,
  "cpValid_02": 1,
  "halfCyc_02": 1,
  "subHalfCyc_02": 1,
  "reserved3_02": 0,
  "prMes_03": 18138660.105255306,
  "cpMes_03": 95319288.29472503,
  "doMes_03": 866.1732788085938,
  "gnssId_03": 0,
  "svId_03": 7,
  "sigId_03": 0,
  "freqId_03": 0,
  "locktime_03": 64500,
  "cno_03": 38,
  "prStd_03": 5,
  "cpStd_03": 2,
  "doStd_03": 7,
  "prValid_03": 1,
  "cpValid_03": 1,
  "halfCyc_03": 1,
  "subHalfCyc_03": 1,
  "reserved3_03": 0,
  "prMes_04": 22124793.013053637,
  "cpMes_04": 116266532.06797317,
  "doMes_04": -142.37646484375,
  "gnssId_04": 2,
  "svId_04": 24,
  "sigId_04": 0,
  "freqId_04": 0,
  "locktime_04": 64500,
  "cno_04": 43,
  "prStd_04": 4,
  "cpStd_04": 1,
  "doStd_04": 6,
  "prValid_04": 1,
  "cpValid_04": 1,
  "halfCyc_04": 1,
  "subHalfCyc_04": 0,
  "reserved3_04": 0,
  "prMes_05": 34578255.643112995,
  "cpMes_05": 180058135.7964799,
  "doMes_05": -1366.3990478515625,
  "gnssId_05": 3,
  "svId_05": 16,
  "sigId_05": 0,
  "freqId_05": 0,
  "locktime_05": 64500,
  "cno_05": 35,
  "prStd_05": 5,
  "cpStd_05": 4,
  "doStd_05": 8,
  "prValid_05": 1,
  "cpValid_05": 1,
  "halfCyc_05": 1,
  "subHalfCyc_05": 1,
  "reserved3_05": 0,
  "prMes_06": 20015387.59096619,
  "cpMes_06": 104225400.9490476,
  "doMes_06": -1912.1434326171875,
  "gnssId_06": 3,
  "svId_06": 29,
  "sigId_06": 0,
  "freqId_06": 0,
  "locktime_06": 64500,
  "cno_06": 46,
  "prStd_06": 3,
  "cpStd_06": 1,
  "doStd_06": 5,
  "prValid_06": 1,
  "cpValid_06": 1,
  "halfCyc_06": 1,
  "subHalfCyc_06": 1,
  "reserved3_06": 0,
  "prMes_07": 35289620.73532813,
  "cpMes_07": 183762290.96318245,
  "doMes_07": -1630.54443359375,
  "gnssId_07": 3,
  "svId_07": 39,
  "sigId_07": 0,
  "freqId_07": 0,
  "locktime_07": 64500,
  "cno_07": 30,
  "prStd_07": 6,
  "cpStd_07": 7,
  "doStd_07": 9,
  "prValid_07": 1,
  "cpValid_07": 1,
  "halfCyc_07": 1,
  "subHalfCyc_07": 1,
  "reserved3_07": 0,
  "prMes_08": 34578315.867513865,
  "cpMes_08": 180058718.5819468,
  "doMes_08": -842.821044921875,
  "gnssId_08": 3,
  "svId_08": 40,
  "sigId_08": 0,
  "freqId_08": 0,
  "locktime_08": 64500,
  "cno_08": 47,
  "prStd_08": 3,
  "cpStd_08": 1,
  "doStd_08": 5,
  "prValid_08": 1,
  "cpValid_08": 1,
  "halfCyc_08": 1,
  "subHalfCyc_08": 0,
  "reserved3_08": 0,
  "prMes_09": 34553676.509558395,
  "cpMes_09": 179930058.73348343,
  "doMes_09": -552.156005859375,
  "gnssId_09": 3,
  "svId_09": 10,
  "sigId_09": 0,
  "freqId_09": 0,
  "locktime_09": 33540,
  "cno_09": 29,
  "prStd_09": 6,
  "cpStd_09": 5,
  "doStd_09": 7,
  "prValid_09": 1,
  "cpValid_09": 1,
  "halfCyc_09": 1,
  "subHalfCyc_09": 0,
  "reserved3_09": 0,
  "prMes_10": 33533672.672322392,
  "cpMes_10": 174618630.80026686,
  "doMes_10": -820.262939453125,
  "gnssId_10": 3,
  "svId_10": 9,
  "sigId_10": 0,
  "freqId_10": 0,
  "locktime_10": 32680,
  "cno_10": 30,
  "prStd_10": 6,
  "cpStd_10": 6,
  "doStd_10": 8,
  "prValid_10": 1,
  "cpValid_10": 1,
  "halfCyc_10": 1,
  "subHalfCyc_10": 1,
  "reserved3_10": 0,
  "prMes_11": 19153765.669163816,
  "cpMes_11": 102351915.41345458,
  "doMes_11": -1486.3858642578125,
  "gnssId_11": 6,
  "svId_11": 11,
  "sigId_11": 0,
  "freqId_11": 7,
  "locktime_11": 64500,
  "cno_11": 50,
  "prStd_11": 5,
  "cpStd_11": 1,
  "doStd_11": 4,
  "prValid_11": 1,
  "cpValid_11": 1,
  "halfCyc_11": 1,
  "subHalfCyc_11": 1,
  "reserved3_11": 0,
  "prMes_12": 18497911.47791598,
  "cpMes_12": 98951352.93455315,
  "doMes_12": 3054.055908203125,
  "gnssId_12": 6,
  "svId_12": 23,
  "sigId_12": 0,
  "freqId_12": 10,
  "locktime_12": 0,
  "cno_12": 26,
  "prStd_12": 9,
  "cpStd_12": 15,
  "doStd_12": 10,
  "prValid_12": 1,
  "cpValid_12": 0,
  "halfCyc_12": 0,
  "subHalfCyc_12": 0,
  "reserved3_12": 0,
  "prMes_13": 19820220.56061811,
  "cpMes_13": 104155959.40991853,
  "doMes_13": -3071.992919921875,
  "gnssId_13": 0,
  "svId_13": 8,
  "sigId_13": 0,
  "freqId_13": 0,
  "locktime_13": 64500,
  "cno_13": 43,
  "prStd_13": 4,
  "cpStd_13": 2,
  "doStd_13": 7,
  "prValid_13": 1,
  "cpValid_13": 1,
  "halfCyc_13": 1,
  "subHalfCyc_13": 1,
  "reserved3_13": 0,
  "prMes_14": 36554376.31180274,
  "cpMes_14": 192094861.71128523,
  "doMes_14": -906.8541870117188,
  "gnssId_14": 5,
  "svId_14": 3,
  "sigId_14": 0,
  "freqId_14": 0,
  "locktime_14": 64500,
  "cno_14": 44,
  "prStd_14": 3,
  "cpStd_14": 1,
  "doStd_14": 6,
  "prValid_14": 1,
  "cpValid_14": 1,
  "halfCyc_14": 1,
  "subHalfCyc_14": 1,
  "reserved3_14": 0,
  "prMes_15": 34846850.03414316,
  "cpMes_15": 183121442.37860432,
  "doMes_15": -334.380615234375,
  "gnssId_15": 5,
  "svId_15": 7,
  "sigId_15": 0,
  "freqId_15": 0,
  "locktime_15": 64500,
  "cno_15": 32,
  "prStd_15": 6,
  "cpStd_15": 5,
  "doStd_15": 8,
  "prValid_15": 1,
  "cpValid_15": 1,
  "halfCyc_15": 1,
  "subHalfCyc_15": 0,
  "reserved3_15": 0,
  "prMes_16": 22346443.351133395,
  "cpMes_16": 117431516.27338493,
  "doMes_16": -23.840576171875,
  "gnssId_16": 2,
  "svId_16": 12,
  "sigId_16": 0,
  "freqId_16": 0,
  "locktime_16": 64500,
  "cno_16": 41,
  "prStd_16": 4,
  "cpStd_16": 1,
  "doStd_16": 6,
  "prValid_16": 1,
  "cpValid_16": 1,
  "halfCyc_16": 1,
  "subHalfCyc_16": 0,
  "reserved3_16": 0,
  "prMes_17": 34179101.14685524,
  "cpMes_17": 177979740.1764827,
  "doMes_17": -610.96923828125,
  "gnssId_17": 3,
  "svId_17": 7,
  "sigId_17": 0,
  "freqId_17": 0,
  "locktime_17": 64500,
  "cno_17": 43,
  "prStd_17": 3,
  "cpStd_17": 1,
  "doStd_17": 6,
  "prValid_17": 1,
  "cpValid_17": 1,
  "halfCyc_17": 1,
  "subHalfCyc_17": 1,
  "reserved3_17": 0,
  "prMes_18": 34155600.98769523,
  "cpMes_18": 177857192.3238614,
  "doMes_18": -1280.029052734375,
  "gnssId_18": 3,
  "svId_18": 6,
  "sigId_18": 0,
  "freqId_18": 0,
  "locktime_18": 64500,
  "cno_18": 30,
  "prStd_18": 6,
  "cpStd_18": 6,
  "doStd_18": 8,
  "prValid_18": 1,
  "cpValid_18": 1,
  "halfCyc_18": 1,
  "subHalfCyc_18": 0,
  "reserved3_18": 0,
  "prMes_19": 17180783.735160384,
  "cpMes_19": 91712379.15879238,
  "doMes_19": -1050.4189453125,
  "gnssId_19": 6,
  "svId_19": 22,
  "sigId_19": 0,
  "freqId_19": 4,
  "locktime_19": 64500,
  "cno_19": 46,
  "prStd_19": 5,
  "cpStd_19": 1,
  "doStd_19": 6,
  "prValid_19": 1,
  "cpValid_19": 1,
  "halfCyc_19": 1,
  "subHalfCyc_19": 1,
  "reserved3_19": 0,
  "prMes_20": 18259408.5946962,
  "cpMes_20": 97538438.74137346,
  "doMes_20": 1344.6416015625,
  "gnssId_20": 6,
  "svId_20": 12,
  "sigId_20": 0,
  "freqId_20": 6,
  "locktime_20": 64500,
  "cno_20": 49,
  "prStd_20": 5,
  "cpStd_20": 1,
  "doStd_20": 5,
  "prValid_20": 1,
  "cpValid_20": 1,
  "halfCyc_20": 1,
  "subHalfCyc_20": 1,
  "reserved3_20": 0,
  "prMes_21": 20059926.610986605,
  "cpMes_21": 107345059.39805476,
  "doMes_21": -4093.915771484375,
  "gnssId_21": 6,
  "svId_21": 21,
  "sigId_21": 0,
  "freqId_21": 11,
  "locktime_21": 64500,
  "cno_21": 33,
  "prStd_21": 6,
  "cpStd_21": 4,