{
  "start_time": "2023-09-21 00:25:03",
  "rcvTow": 318318.992,
  "week": 2280,
  "leapS": 18,
  "numMeas": 50,
  "leapSec": 1,
  "clkReset": 0,
  "reserved1": 4894977,
  "prMes_01": 23801978.255593576,
  "cpMes_01": 125080367.29666775,
  "doMes_01": -1288.22314453125,
  "gnssId_01": 2,
  "svId_01": 31,
  "sigId_01": 0,
  "freqId_01": 0,
  "locktime_01": 64500,
  "cno_01": 43,
  "prStd_01": 4,
  "cpStd_01": 1,
  "doStd_01": 6,
  "prValid_01": 1,
  "cpValid_01": 1,
  "halfCyc_01": 1,
  "subHalfCyc_01": 0,
  "reserved3_01": 0,
  "prMes_02": 35001791.18712332,
  "cpMes_02": 183935699.10798153,
  "doMes_02": -659.09521484375,
  "gnssId_02": 5,
  "svId_02": 4,
  "sigId_02": 0,
  "freqId_02": 0,
  "locktime_02": 64500,
  "cno_02": 43,
  "prStd_02": 3,
  "cpStd_02": 1,
  "doStd_02": 6,
  "prValid_02": 1,
  "cpValid_02": 1,
  "halfCyc_02": 1,
  "subHalfCyc_02": 1,
  "reserved3_02": 0,
  "prMes_03": 18231475.24529901,
  "cpMes_03": 95807033.83015762,
  "doMes_03": 1117.415283203125,
  "gnssId_03": 0,
  "svId_03": 7,
  "sigId_03": 0,
  "freqId_03": 0,
  "locktime_03": 64500,
  "cno_03": 36,
  "prStd_03": 5,
  "cpStd_03": 3,
  "doStd_03": 7,
  "prValid_03": 1,
  "cpValid_03": 1,
  "halfCyc_03": 1,
  "subHalfCyc_03": 1,
  "reserved3_03": 0,
  "prMes_04": 22111546.013136912,
  "cpMes_04": 116196916.80104372,
  "doMes_04": -142.248291015625,
  "gnssId_04": 2,
  "svId_04": 24,
  "sigId_04": 0,
  "freqId_04": 0,
  "locktime_04": 64500,
  "cno_04": 44,
  "prStd_04": 3,
  "cpStd_04": 1,
  "doStd_04": 5,
  "prValid_04": 1,
  "cpValid_04": 1,
  "halfCyc_04": 1,
  "subHalfCyc_04": 0,
  "reserved3_04": 0,
  "prMes_05": 34452828.49172694,
  "cpMes_05": 179405003.97850016,
  "doMes_05": -1294.04541015625,
  "gnssId_05": 3,
  "svId_05": 16,
  "sigId_05": 0,
  "freqId_05": 0,
  "locktime_05": 64500,
  "cno_05": 37,
  "prStd_05": 5,
  "cpStd_05": 3,
  "doStd_05": 7,
  "prValid_05": 1,
  "cpValid_05": 1,
  "halfCyc_05": 1,
  "subHalfCyc_05": 1,
  "reserved3_05": 0,
  "prMes_06": 19844678.088216495,
  "cpMes_06": 103336475.58113778,
  "doMes_06": -1706.260009765625,
  "gnssId_06": 3,
  "svId_06": 29,
  "sigId_06": 0,
  "freqId_06": 0,
  "locktime_06": 64500,
  "cno_06": 45,
  "prStd_06": 3,
  "cpStd_06": 1,
  "doStd_06": 5,
  "prValid_06": 1,
  "cpValid_06": 1,
  "halfCyc_06": 1,
  "subHalfCyc_06": 1,
  "reserved3_06": 0,
  "prMes_07": 35138554.535888515,
  "cpMes_07": 182975732.1662218,
  "doMes_07": -1572.7210693359375,
  "gnssId_07": 3,
  "svId_07": 39,
  "sigId_07": 0,
  "freqId_07": 0,
  "locktime_07": 64500,
  "cno_07": 34,
  "prStd_07": 5,
  "cpStd_07": 4,
  "doStd_07": 8,
  "prValid_07": 1,
  "cpValid_07": 1,
  "halfCyc_07": 1,
  "subHalfCyc_07": 1,
  "reserved3_07": 0,
  "prMes_08": 34497763.781782635,
  "cpMes_08": 179639263.25864172,
  "doMes_08": -865.3069458007812,
  "gnssId_08": 3,
  "svId_08": 40,
  "sigId_08": 0,
  "freqId_08": 0,
  "locktime_08": 64500,
  "cno_08": 48,
  "prStd_08": 3,
  "cpStd_08": 1,
  "doStd_08": 5,
  "prValid_08": 1,
  "cpValid_08": 1,
  "halfCyc_08": 1,
  "subHalfCyc_08": 0,
  "reserved3_08": 0,
  "prMes_09": 34500944.17365982,
  "cpMes_09": 179655446.03106502,
  "doMes_09": -566.291015625,
  "gnssId_09": 3,
  "svId_09": 10,
  "sigId_09": 0,
  "freqId_09": 0,
  "locktime_09": 64500,
  "cno_09": 28,
  "prStd_09": 7,
  "cpStd_09": 5,
  "doStd_09": 7,
  "prValid_09": 1,
  "cpValid_09": 1,
  "halfCyc_09": 1,
  "subHalfCyc_09": 1,
  "reserved3_09": 0,
  "prMes_10": 33460403.11416002,
  "cpMes_10": 174237200.44703642,
  "doMes_10": -735.3272094726562,
  "gnssId_10": 3,
  "svId_10": 9,
  "sigId_10": 0,
  "freqId_10": 0,
  "locktime_10": 64500,
  "cno_10": 33,
  "prStd_10": 5,
  "cpStd_10": 5,
  "doStd_10": 8,
  "prValid_10": 1,
  "cpValid_10": 1,
  "halfCyc_10": 1,
  "subHalfCyc_10": 1,
  "reserved3_10": 0,
  "prMes_11": 19025956.904382557,
  "cpMes_11": 101668945.52818099,
  "doMes_11": -1297.967529296875,
  "gnssId_11": 6,
  "svId_11": 11,
  "sigId_11": 0,
  "freqId_11": 7,
  "locktime_11": 64500,
  "cno_11": 50,
  "prStd_11": 5,
  "cpStd_11": 1,
  "doStd_11": 4,
  "prValid_11": 1,
  "cpValid_11": 1,
  "halfCyc_11": 1,
  "subHalfCyc_11": 1,
  "reserved3_11": 0,
  "prMes_12": 18790413.469824273,
  "cpMes_12": 100516041.19717771,
  "doMes_12": 3314.9091796875,
  "gnssId_12": 6,
  "svId_12": 23,
  "sigId_12": 0,
  "freqId_12": 10,
  "locktime_12": 0,
  "cno_12": 26,
  "prStd_12": 9,
  "cpStd_12": 15,
  "doStd_12": 10,
  "prValid_12": 1,
  "cpValid_12": 0,
  "halfCyc_12": 0,
  "subHalfCyc_12": 0,
  "reserved3_12": 0,
  "prMes_13": 21114497.11572341,
  "cpMes_13": 112671002.09118691,
  "doMes_13": -2654.985595703125,
  "gnssId_13": 6,
  "svId_13": 2,
  "sigId_13": 0,
  "freqId_13": 3,
  "locktime_13": 0,
  "cno_13": 21,
  "prStd_13": 10,
  "cpStd_13": 15,
  "doStd_13": 12,
  "prValid_13": 1,
  "cpValid_13": 0,
  "halfCyc_13": 0,
  "subHalfCyc_13": 0,
  "reserved3_13": 0,
  "prMes_14": 19536625.65926938,
  "cpMes_14": 102665655.77305074,
  "doMes_14": -2995.095703125,
  "gnssId_14": 0,
  "svId_14": 8,
  "sigId_14": 0,
  "freqId_14": 0,
  "locktime_14": 64500,
  "cno_14": 46,
  "prStd_14": 3,
  "cpStd_14": 1,
  "doStd_14": 6,
  "prValid_14": 1,
  "cpValid_14": 1,
  "halfCyc_14": 1,
  "subHalfCyc_14": 1,
  "reserved3_14": 0,
  "prMes_15": 36470595.72429304,
  "cpMes_15": 191654588.04081777,
  "doMes_15": -886.444091796875,
  "gnssId_15": 5,
  "svId_15": 3,
  "sigId_15": 0,
  "freqId_15": 0,
  "locktime_15": 64500,
  "cno_15": 45,
  "prStd_15": 3,
  "cpStd_15": 1,
  "doStd_15": 6,
  "prValid_15": 1,
  "cpValid_15": 1,
  "halfCyc_15": 1,
  "subHalfCyc_15": 1,
  "reserved3_15": 0,
  "prMes_16": 34815607.01792961,
  "cpMes_16": 182957258.1004029,
  "doMes_16": -334.645263671875,
  "gnssId_16": 5,
  "svId_16": 7,
  "sigId_16": 0,
  "freqId_16": 0,
  "locktime_16": 64500,
  "cno_16": 32,
  "prStd_16": 6,
  "cpStd_16": 5,
  "doStd_16": 8,
  "prValid_16": 1,
  "cpValid_16": 1,
  "halfCyc_16": 1,
  "subHalfCyc_16": 0,
  "reserved3_16": 0,
  "prMes_17": 22355057.563729897,
  "cpMes_17": 117476785.3008569,
  "doMes_17": 207.6767578125,
  "gnssId_17": 2,
  "svId_17": 12,
  "sigId_17": 0,
  "freqId_17": 0,
  "locktime_17": 64500,
  "cno_17": 38,
  "prStd_17": 4,
  "cpStd_17": 2,
  "doStd_17": 7,
  "prValid_17": 1,
  "cpValid_17": 1,
  "halfCyc_17": 1,
  "subHalfCyc_17": 0,
  "reserved3_17": 0,
  "prMes_18": 34120649.29904175,
  "cpMes_18": 177675364.6812509,
  "doMes_18": -628.4228515625,
  "gnssId_18": 3,
  "svId_18": 7,
  "sigId_18": 0,
  "freqId_18": 0,
  "locktime_18": 64500,
  "cno_18": 42,
  "prStd_18": 3,
  "cpStd_18": 2,
  "doStd_18": 6,
  "prValid_18": 1,
  "cpValid_18": 1,
  "halfCyc_18": 1,
  "subHalfCyc_18": 1,
  "reserved3_18": 0,
  "prMes_19": 34038326.1729827,
  "cpMes_19": 177246587.2996387,
  "doMes_19": -1205.71533203125,
  "gnssId_19": 3,
  "svId_19": 6,
  "sigId_19": 0,
  "freqId_19": 0,
  "locktime_19": 64500,
  "cno_19": 33,
  "prStd_19": 5,
  "cpStd_19": 5,
  "doStd_19": 8,
  "prValid_19": 1,
  "cpValid_19": 1,
  "halfCyc_19": 1,
  "subHalfCyc_19": 1,
  "reserved3_19": 0,
  "prMes_20": 17104163.7035722,
  "cpMes_20": 91303373.48493981,
  "doMes_20": -614.2926635742188,
  "gnssId_20": 6,
  "svId_20": 22,
  "sigId_20": 0,
  "freqId_20": 4,
  "locktime_20": 64500,
  "cno_20": 46,
  "prStd_20": 5,
  "cpStd_20": 1,
  "doStd_20": 5,
  "prValid_20": 1,
  "cpValid_20": 1,
  "halfCyc_20": 1,
  "subHalfCyc_20": 1,
  "reserved3_20": 0,
  "prMes_21": 18386722.475141414,
  "cpMes_21": 98218525.26429139,
  "doMes_21": 1421.5760498046875,
  "gnssId_21": 6,
  "svId_21": 12,
  "sigId_21": 0,
  "freqId_21": 6,
  "locktime_21": 64500,
  "cno_21": 51,
  "prStd_21": 5,
  "cpStd_21": 1,
  "doStd_21": 4,