{
  "start_time": "2023-09-21 00:46:09",
  "rcvTow": 319584.993,
  "week": 2280,
  "leapS": 18,
  "numMeas": 52,
  "leapSec": 1,
  "clkReset": 0,
  "reserved1": 10224129,
  "prMes_01": 24118801.77256609,
  "cpMes_01": 126745281.04075292,
  "doMes_01": -1349.5657958984375,
  "gnssId_01": 2,
  "svId_01": 31,
  "sigId_01": 0,
  "freqId_01": 0,
  "locktime_01": 64500,
  "cno_01": 43,
  "prStd_01": 4,
  "cpStd_01": 1,
  "doStd_01": 6,
  "prValid_01": 1,
  "cpValid_01": 1,
  "halfCyc_01": 1,
  "subHalfCyc_01": 0,
  "reserved3_01": 0,
  "prMes_02": 19357216.333224755,
  "cpMes_02": 101722912.1626147,
  "doMes_02": 1961.529052734375,
  "gnssId_02": 0,
  "svId_02": 30,
  "sigId_02": 0,
  "freqId_02": 0,
  "locktime_02": 27180,
  "cno_02": 29,
  "prStd_02": 8,
  "cpStd_02": 5,
  "doStd_02": 7,
  "prValid_02": 1,
  "cpValid_02": 1,
  "halfCyc_02": 1,
  "subHalfCyc_02": 0,
  "reserved3_02": 0,
  "prMes_03": 35154951.058801286,
  "cpMes_03": 184740574.4622711,
  "doMes_03": -612.912109375,
  "gnssId_03": 5,
  "svId_03": 4,
  "sigId_03": 0,
  "freqId_03": 0,
  "locktime_03": 64500,
  "cno_03": 36,
  "prStd_03": 5,
  "cpStd_03": 4,
  "doStd_03": 8,
  "prValid_03": 1,
  "cpValid_03": 1,
  "halfCyc_03": 1,
  "subHalfCyc_03": 1,
  "reserved3_03": 0,
  "prMes_04": 18042328.44172605,
  "cpMes_04": 94813058.10013464,
  "doMes_04": 433.3349304199219,
  "gnssId_04": 0,
  "svId_04": 7,
  "sigId_04": 0,
  "freqId_04": 0,
  "locktime_04": 64500,
  "cno_04": 39,
  "prStd_04": 5,
  "cpStd_04": 3,
  "doStd_04": 7,
  "prValid_04": 1,
  "cpValid_04": 1,
  "halfCyc_04": 1,
  "subHalfCyc_04": 1,
  "reserved3_04": 0,
  "prMes_05": 22146342.68634095,
  "cpMes_05": 116379775.49107407,
  "doMes_05": -151.983642578125,
  "gnssId_05": 2,
  "svId_05": 24,
  "sigId_05": 0,
  "freqId_05": 0,
  "locktime_05": 64500,
  "cno_05": 43,
  "prStd_05": 4,
  "cpStd_05": 1,
  "doStd_05": 6,
  "prValid_05": 1,
  "cpValid_05": 1,
  "halfCyc_05": 1,
  "subHalfCyc_05": 0,
  "reserved3_05": 0,
  "prMes_06": 34789858.347821966,
  "cpMes_06": 181160004.00348547,
  "doMes_06": -1475.771484375,
  "gnssId_06": 3,
  "svId_06": 16,
  "sigId_06": 0,
  "freqId_06": 0,
  "locktime_06": 64500,
  "cno_06": 34,
  "prStd_06": 5,
  "cpStd_06": 4,
  "doStd_06": 8,
  "prValid_06": 1,
  "cpValid_06": 1,
  "halfCyc_06": 1,
  "subHalfCyc_06": 1,
  "reserved3_06": 0,
  "prMes_07": 20322195.24562095,
  "cpMes_07": 105823027.86244418,
  "doMes_07": -2203.649169921875,
  "gnssId_07": 3,
  "svId_07": 29,
  "sigId_07": 0,
  "freqId_07": 0,
  "locktime_07": 64500,
  "cno_07": 47,
  "prStd_07": 3,
  "cpStd_07": 1,
  "doStd_07": 5,
  "prValid_07": 1,
  "cpValid_07": 1,
  "halfCyc_07": 1,
  "subHalfCyc_07": 1,
  "reserved3_07": 0,
  "prMes_08": 35538781.22789907,
  "cpMes_08": 185059772.7590472,
  "doMes_08": -1714.2415771484375,
  "gnssId_08": 3,
  "svId_08": 39,
  "sigId_08": 0,
  "freqId_08": 0,
  "locktime_08": 64500,
  "cno_08": 29,
  "prStd_08": 5,
  "cpStd_08": 6,
  "doStd_08": 8,
  "prValid_08": 1,
  "cpValid_08": 1,
  "halfCyc_08": 1,
  "subHalfCyc_08": 1,
  "reserved3_08": 0,
  "prMes_09": 34700714.17811536,
  "cpMes_09": 180696079.00368673,
  "doMes_09": -800.5400390625,
  "gnssId_09": 3,
  "svId_09": 40,
  "sigId_09": 0,
  "freqId_09": 0,
  "locktime_09": 64500,
  "cno_09": 47,
  "prStd_09": 3,
  "cpStd_09": 1,
  "doStd_09": 5,
  "prValid_09": 1,
  "cpValid_09": 1,
  "halfCyc_09": 1,
  "subHalfCyc_09": 0,
  "reserved3_09": 0,
  "prMes_10": 34633889.93612191,
  "cpMes_10": 180347744.9816747,
  "doMes_10": -524.2587890625,
  "gnssId_10": 3,
  "svId_10": 10,
  "sigId_10": 0,
  "freqId_10": 0,
  "locktime_10": 64500,
  "cno_10": 29,
  "prStd_10": 6,
  "cpStd_10": 6,
  "doStd_10": 8,
  "prValid_10": 1,
  "cpValid_10": 1,
  "halfCyc_10": 1,
  "subHalfCyc_10": 1,
  "reserved3_10": 0,
  "prMes_11": 33665667.38556293,
  "cpMes_11": 175305963.72814485,
  "doMes_11": -953.9292602539062,
  "gnssId_11": 3,
  "svId_11": 9,
  "sigId_11": 0,
  "freqId_11": 0,
  "locktime_11": 0,
  "cno_11": 25,
  "prStd_11": 8,
  "cpStd_11": 15,
  "doStd_11": 10,
  "prValid_11": 1,
  "cpValid_11": 0,
  "halfCyc_11": 0,
  "subHalfCyc_11": 0,
  "reserved3_11": 0,
  "prMes_12": 19392253.70140033,
  "cpMes_12": 103626321.4554279,
  "doMes_12": -1806.4879150390625,
  "gnssId_12": 6,
  "svId_12": 11,
  "sigId_12": 0,
  "freqId_12": 7,
  "locktime_12": 64500,
  "cno_12": 48,
  "prStd_12": 5,
  "cpStd_12": 1,
  "doStd_12": 5,
  "prValid_12": 1,
  "cpValid_12": 1,
  "halfCyc_12": 1,
  "subHalfCyc_12": 1,
  "reserved3_12": 0,
  "prMes_13": 18089753.320127875,
  "cpMes_13": 96767981.99155165,
  "doMes_13": 2569.6689453125,
  "gnssId_13": 6,
  "svId_13": 23,
  "sigId_13": 0,
  "freqId_13": 10,
  "locktime_13": 0,
  "cno_13": 26,
  "prStd_13": 9,
  "cpStd_13": 15,
  "doStd_13": 10,
  "prValid_13": 1,
  "cpValid_13": 0,
  "halfCyc_13": 0,
  "subHalfCyc_13": 0,
  "reserved3_13": 0,
  "prMes_14": 21025749.82176332,
  "cpMes_14": 112157983.62541792,
  "doMes_14": -4352.06884765625,
  "gnssId_14": 6,
  "svId_14": 255,
  "sigId_14": 0,
  "freqId_14": 2,
  "locktime_14": 23000,
  "cno_14": 43,
  "prStd_14": 5,
  "cpStd_14": 1,
  "doStd_14": 6,
  "prValid_14": 1,
  "cpValid_14": 1,
  "halfCyc_14": 1,
  "subHalfCyc_14": 1,
  "reserved3_14": 0,
  "prMes_15": 21780857.344562728,
  "cpMes_15": 116226827.7455329,
  "doMes_15": -2914.038330078125,
  "gnssId_15": 6,
  "svId_15": 2,
  "sigId_15": 0,
  "freqId_15": 3,
  "locktime_15": 0,
  "cno_15": 25,
  "prStd_15": 10,
  "cpStd_15": 15,
  "doStd_15": 12,
  "prValid_15": 1,
  "cpValid_15": 0,
  "halfCyc_15": 0,
  "subHalfCyc_15": 0,
  "reserved3_15": 0,
  "prMes_16": 20279877.276027206,
  "cpMes_16": 106571469.08897993,
  "doMes_16": -3153.552001953125,
  "gnssId_16": 0,
  "svId_16": 8,
  "sigId_16": 0,
  "freqId_16": 0,
  "locktime_16": 64500,
  "cno_16": 43,
  "prStd_16": 3,
  "cpStd_16": 1,
  "doStd_16": 6,
  "prValid_16": 1,
  "cpValid_16": 1,
  "halfCyc_16": 1,
  "subHalfCyc_16": 1,
  "reserved3_16": 0,
  "prMes_17": 36690293.46041689,
  "cpMes_17": 192809117.1540382,
  "doMes_17": -935.60791015625,
  "gnssId_17": 5,
  "svId_17": 3,
  "sigId_17": 0,
  "freqId_17": 0,
  "locktime_17": 64500,
  "cno_17": 42,
  "prStd_17": 4,
  "cpStd_17": 1,
  "doStd_17": 6,
  "prValid_17": 1,
  "cpValid_17": 1,
  "halfCyc_17": 1,
  "subHalfCyc_17": 1,
  "reserved3_17": 0,
  "prMes_18": 34896147.63328371,
  "cpMes_18": 183380494.184479,
  "doMes_18": -333.6884765625,
  "gnssId_18": 5,
  "svId_18": 7,
  "sigId_18": 0,
  "freqId_18": 0,
  "locktime_18": 64500,
  "cno_18": 32,
  "prStd_18": 6,
  "cpStd_18": 4,
  "doStd_18": 8,
  "prValid_18": 1,
  "cpValid_18": 1,
  "halfCyc_18": 1,
  "subHalfCyc_18": 0,
  "reserved3_18": 0,
  "prMes_19": 22377349.34214782,
  "cpMes_19": 117593934.58443438,
  "doMes_19": -395.9169921875,
  "gnssId_19": 2,
  "svId_19": 12,
  "sigId_19": 0,
  "freqId_19": 0,
  "locktime_19": 64500,
  "cno_19": 41,
  "prStd_19": 4,
  "cpStd_19": 1,
  "doStd_19": 6,
  "prValid_19": 1,
  "cpValid_19": 1,
  "halfCyc_19": 1,
  "subHalfCyc_19": 0,
  "reserved3_19": 0,
  "prMes_20": 34267766.92568301,
  "cpMes_20": 178441445.34465376,
  "doMes_20": -579.473876953125,
  "gnssId_20": 3,
  "svId_20": 7,
  "sigId_20": 0,
  "freqId_20": 0,
  "locktime_20": 64500,
  "cno_20": 44,
  "prStd_20": 3,
  "cpStd_20": 1,
  "doStd_20": 6,
  "prValid_20": 1,
  "cpValid_20": 1,
  "halfCyc_20": 1,
  "subHalfCyc_20": 1,
  "reserved3_20": 0,
  "prMes_21": 34355041.98044065,
  "cpMes_21": 178895718.9706213,
  "doMes_21": -1397.690673828125,
  "gnssId_21": 3,
  "svId_21": 6,
  "sigId_21": 0,
  "freqId_21": 0,
  "locktime_21": 0,
  "cno_21": 25,
  "prStd_21": 8,
  "cpStd_21": 15,
  "doStd_21": 10,