{
  "start_time": "2023-09-21 00:06:56",
  "rcvTow": 317231.992,
  "week": 2280,
  "leapS": 18,
  "numMeas": 50,
  "leapSec": 1,
  "clkReset": 0,
  "reserved1": 11835649,
  "prMes_01": 23537868.374377705,
  "cpMes_01": 123692461.28500392,
  "doMes_01": -1270.89111328125,
  "gnssId_01": 2,
  "svId_01": 31,
  "sigId_01": 0,
  "freqId_01": 0,
  "locktime_01": 64500,
  "cno_01": 41,
  "prStd_01": 4,
  "cpStd_01": 2,
  "doStd_01": 6,
  "prValid_01": 1,
  "cpValid_01": 1,
  "halfCyc_01": 1,
  "subHalfCyc_01": 0,
  "reserved3_01": 0,
  "prMes_02": 34861497.42897088,
  "cpMes_02": 183198434.42557266,
  "doMes_02": -697.64404296875,
  "gnssId_02": 5,
  "svId_02": 4,
  "sigId_02": 0,
  "freqId_02": 0,
  "locktime_02": 64500,
  "cno_02": 43,
  "prStd_02": 3,
  "cpStd_02": 1,
  "doStd_02": 6,
  "prValid_02": 1,
  "cpValid_02": 1,
  "halfCyc_02": 1,
  "subHalfCyc_02": 1,
  "reserved3_02": 0,
  "prMes_03": 18514141.30213024,
  "cpMes_03": 97292455.31801397,
  "doMes_03": 1597.515869140625,
  "gnssId_03": 0,
  "svId_03": 7,
  "sigId_03": 0,
  "freqId_03": 0,
  "locktime_03": 64500,
  "cno_03": 35,
  "prStd_03": 5,
  "cpStd_03": 4,
  "doStd_03": 8,
  "prValid_03": 1,
  "cpValid_03": 1,
  "halfCyc_03": 1,
  "subHalfCyc_03": 1,
  "reserved3_03": 0,
  "prMes_04": 22081280.382711552,
  "cpMes_04": 116037867.58037397,
  "doMes_04": -153.106689453125,
  "gnssId_04": 2,
  "svId_04": 24,
  "sigId_04": 0,
  "freqId_04": 0,
  "locktime_04": 64500,
  "cno_04": 47,
  "prStd_04": 3,
  "cpStd_04": 1,
  "doStd_04": 5,
  "prValid_04": 1,
  "cpValid_04": 1,
  "halfCyc_04": 1,
  "subHalfCyc_04": 0,
  "reserved3_04": 0,
  "prMes_05": 34200139.10653732,
  "cpMes_05": 178089187.59941614,
  "doMes_05": -1126.46044921875,
  "gnssId_05": 3,
  "svId_05": 16,
  "sigId_05": 0,
  "freqId_05": 0,
  "locktime_05": 64500,
  "cno_05": 40,
  "prStd_05": 4,
  "cpStd_05": 2,
  "doStd_05": 7,
  "prValid_05": 1,
  "cpValid_05": 1,
  "halfCyc_05": 1,
  "subHalfCyc_05": 1,
  "reserved3_05": 0,
  "prMes_06": 19540352.534733806,
  "cpMes_06": 101751768.24327043,
  "doMes_06": -1199.412353515625,
  "gnssId_06": 3,
  "svId_06": 29,
  "sigId_06": 0,
  "freqId_06": 0,
  "locktime_06": 64500,
  "cno_06": 43,
  "prStd_06": 3,
  "cpStd_06": 1,
  "doStd_06": 6,
  "prValid_06": 1,
  "cpValid_06": 1,
  "halfCyc_06": 1,
  "subHalfCyc_06": 1,
  "reserved3_06": 0,
  "prMes_07": 34824750.06566115,
  "cpMes_07": 181341673.74720564,
  "doMes_07": -1432.216064453125,
  "gnssId_07": 3,
  "svId_07": 39,
  "sigId_07": 0,
  "freqId_07": 0,
  "locktime_07": 64500,
  "cno_07": 36,
  "prStd_07": 5,
  "cpStd_07": 4,
  "doStd_07": 8,
  "prValid_07": 1,
  "cpValid_07": 1,
  "halfCyc_07": 1,
  "subHalfCyc_07": 1,
  "reserved3_07": 0,
  "prMes_08": 34313157.910026744,
  "cpMes_08": 178677970.60118866,
  "doMes_08": -900.5171508789062,
  "gnssId_08": 3,
  "svId_08": 40,
  "sigId_08": 0,
  "freqId_08": 0,
  "locktime_08": 64500,
  "cno_08": 47,
  "prStd_08": 3,
  "cpStd_08": 1,
  "doStd_08": 5,
  "prValid_08": 1,
  "cpValid_08": 1,
  "halfCyc_08": 1,
  "subHalfCyc_08": 0,
  "reserved3_08": 0,
  "prMes_09": 34380532.975472234,
  "cpMes_09": 179028457.1068561,
  "doMes_09": -585.59033203125,
  "gnssId_09": 3,
  "svId_09": 10,
  "sigId_09": 0,
  "freqId_09": 0,
  "locktime_09": 0,
  "cno_09": 25,
  "prStd_09": 8,
  "cpStd_09": 15,
  "doStd_09": 10,
  "prValid_09": 1,
  "cpValid_09": 0,
  "halfCyc_09": 0,
  "subHalfCyc_09": 0,
  "reserved3_09": 0,
  "prMes_10": 33326455.767134387,
  "cpMes_10": 173539701.96913484,
  "doMes_10": -550.244140625,
  "gnssId_10": 3,
  "svId_10": 9,
  "sigId_10": 0,
  "freqId_10": 0,
  "locktime_10": 64500,
  "cno_10": 36,
  "prStd_10": 5,
  "cpStd_10": 3,
  "doStd_10": 7,
  "prValid_10": 1,
  "cpValid_10": 1,
  "halfCyc_10": 1,
  "subHalfCyc_10": 1,
  "reserved3_10": 0,
  "prMes_11": 18800685.30423715,
  "cpMes_11": 100465164.09568292,
  "doMes_11": -929.72705078125,
  "gnssId_11": 6,
  "svId_11": 11,
  "sigId_11": 0,
  "freqId_11": 7,
  "locktime_11": 64500,
  "cno_11": 50,
  "prStd_11": 5,
  "cpStd_11": 1,
  "doStd_11": 5,
  "prValid_11": 1,
  "cpValid_11": 1,
  "halfCyc_11": 1,
  "subHalfCyc_11": 1,
  "reserved3_11": 0,
  "prMes_12": 19288220.474680156,
  "cpMes_12": 102889450.78755844,
  "doMes_12": -3387.9599609375,
  "gnssId_12": 6,
  "svId_12": 255,
  "sigId_12": 0,
  "freqId_12": 2,
  "locktime_12": 10000,
  "cno_12": 46,
  "prStd_12": 5,
  "cpStd_12": 1,
  "doStd_12": 6,
  "prValid_12": 1,
  "cpValid_12": 1,
  "halfCyc_12": 1,
  "subHalfCyc_12": 0,
  "reserved3_12": 0,
  "prMes_13": 20612767.38515501,
  "cpMes_13": 109993675.53954391,
  "doMes_13": -2235.91943359375,
  "gnssId_13": 6,
  "svId_13": 2,
  "sigId_13": 0,
  "freqId_13": 3,
  "locktime_13": 0,
  "cno_13": 18,
  "prStd_13": 11,
  "cpStd_13": 15,
  "doStd_13": 12,
  "prValid_13": 1,
  "cpValid_13": 0,
  "halfCyc_13": 0,
  "subHalfCyc_13": 0,
  "reserved3_13": 0,
  "prMes_14": 18941030.57375714,
  "cpMes_14": 99535781.87039591,
  "doMes_14": -2745.804443359375,
  "gnssId_14": 0,
  "svId_14": 8,
  "sigId_14": 0,
  "freqId_14": 0,
  "locktime_14": 64500,
  "cno_14": 44,
  "prStd_14": 3,
  "cpStd_14": 1,
  "doStd_14": 6,
  "prValid_14": 1,
  "cpValid_14": 1,
  "halfCyc_14": 1,
  "subHalfCyc_14": 1,
  "reserved3_14": 0,
  "prMes_15": 36292479.66571429,
  "cpMes_15": 190718579.99581584,
  "doMes_15": -835.162353515625,
  "gnssId_15": 5,
  "svId_15": 3,
  "sigId_15": 0,
  "freqId_15": 0,
  "locktime_15": 64500,
  "cno_15": 44,
  "prStd_15": 3,
  "cpStd_15": 1,
  "doStd_15": 6,
  "prValid_15": 1,
  "cpValid_15": 1,
  "halfCyc_15": 1,
  "subHalfCyc_15": 1,
  "reserved3_15": 0,
  "prMes_16": 34746395.051474705,
  "cpMes_16": 182593542.09804416,
  "doMes_16": -334.722900390625,
  "gnssId_16": 5,
  "svId_16": 7,
  "sigId_16": 0,
  "freqId_16": 0,
  "locktime_16": 64500,
  "cno_16": 31,
  "prStd_16": 6,
  "cpStd_16": 7,
  "doStd_16": 9,
  "prValid_16": 1,
  "cpValid_16": 1,
  "halfCyc_16": 1,
  "subHalfCyc_16": 0,
  "reserved3_16": 0,
  "prMes_17": 22449113.990740288,
  "cpMes_17": 117971043.57878514,
  "doMes_17": 694.5062866210938,
  "gnssId_17": 2,
  "svId_17": 12,
  "sigId_17": 0,
  "freqId_17": 0,
  "locktime_17": 64500,
  "cno_17": 42,
  "prStd_17": 4,
  "cpStd_17": 1,
  "doStd_17": 6,
  "prValid_17": 1,
  "cpValid_17": 1,
  "halfCyc_17": 1,
  "subHalfCyc_17": 0,
  "reserved3_17": 0,
  "prMes_18": 33986402.41525937,
  "cpMes_18": 176976302.76393998,
  "doMes_18": -656.03759765625,
  "gnssId_18": 3,
  "svId_18": 7,
  "sigId_18": 0,
  "freqId_18": 0,
  "locktime_18": 64500,
  "cno_18": 41,
  "prStd_18": 3,
  "cpStd_18": 2,
  "doStd_18": 6,
  "prValid_18": 1,
  "cpValid_18": 1,
  "halfCyc_18": 1,
  "subHalfCyc_18": 1,
  "reserved3_18": 0,
  "prMes_19": 33804523.875866085,
  "cpMes_19": 176029122.06124392,
  "doMes_19": -1034.26708984375,
  "gnssId_19": 3,
  "svId_19": 6,
  "sigId_19": 0,
  "freqId_19": 0,
  "locktime_19": 64500,
  "cno_19": 36,
  "prStd_19": 5,
  "cpStd_19": 3,
  "doStd_19": 8,
  "prValid_19": 1,
  "cpValid_19": 1,
  "halfCyc_19": 1,
  "subHalfCyc_19": 1,
  "reserved3_19": 0,
  "prMes_20": 17079124.281506028,
  "cpMes_20": 91169710.16811976,
  "doMes_20": 366.943359375,
  "gnssId_20": 6,
  "svId_20": 22,
  "sigId_20": 0,
  "freqId_20": 4,
  "locktime_20": 64500,
  "cno_20": 50,
  "prStd_20": 5,
  "cpStd_20": 1,
  "doStd_20": 5,
  "prValid_20": 1,
  "cpValid_20": 1,
  "halfCyc_20": 1,
  "subHalfCyc_20": 1,
  "reserved3_20": 0,
  "prMes_21": 18687567.792587142,
  "cpMes_21": 99825585.88767378,
  "doMes_21": 1518.6844482421875,
  "gnssId_21": 6,
  "svId_21": 12,
  "sigId_21": 0,
  "freqId_21": 6,
  "locktime_21": 64500,
  "cno_21": 51,
  "prStd_21": 5,
  "cpStd_21": 1,
  "doStd_21": 4,