{
  "start_time": "2023-09-21 00:18:19",
  "rcvTow": 317914.992,
  "week": 2280,
  "leapS": 18,
  "numMeas": 51,
  "leapSec": 1,
  "clkReset": 0,
  "reserved1": 2134273,
  "prMes_01": 23703359.21891902,
  "cpMes_01": 124562119.11836153,
  "doMes_01": -1278.0537109375,
  "gnssId_01": 2,
  "svId_01": 31,
  "sigId_01": 0,
  "freqId_01": 0,
  "locktime_01": 64500,
  "cno_01": 43,
  "prStd_01": 4,
  "cpStd_01": 2,
  "doStd_01": 6,
  "prValid_01": 1,
  "cpValid_01": 1,
  "halfCyc_01": 1,
  "subHalfCyc_01": 0,
  "reserved3_01": 0,
  "prMes_02": 20073910.406926256,
  "cpMes_02": 105489110.6086211,
  "doMes_02": 2503.783203125,
  "gnssId_02": 0,
  "svId_02": 30,
  "sigId_02": 0,
  "freqId_02": 0,
  "locktime_02": 0,
  "cno_02": 25,
  "prStd_02": 8,
  "cpStd_02": 15,
  "doStd_02": 10,
  "prValid_02": 1,
  "cpValid_02": 0,
  "halfCyc_02": 0,
  "subHalfCyc_02": 0,
  "reserved3_02": 0,
  "prMes_03": 34950572.94268042,
  "cpMes_03": 183666542.53615415,
  "doMes_03": -673.35986328125,
  "gnssId_03": 5,
  "svId_03": 4,
  "sigId_03": 0,
  "freqId_03": 0,
  "locktime_03": 64500,
  "cno_03": 43,
  "prStd_03": 3,
  "cpStd_03": 2,
  "doStd_03": 7,
  "prValid_03": 1,
  "cpValid_03": 1,
  "halfCyc_03": 1,
  "subHalfCyc_03": 1,
  "reserved3_03": 0,
  "prMes_04": 18324802.034382153,
  "cpMes_04": 96297476.95667982,
  "doMes_04": 1308.77685546875,
  "gnssId_04": 0,
  "svId_04": 7,
  "sigId_04": 0,
  "freqId_04": 0,
  "locktime_04": 64500,
  "cno_04": 34,
  "prStd_04": 6,
  "cpStd_04": 5,
  "doStd_04": 8,
  "prValid_04": 1,
  "cpValid_04": 1,
  "halfCyc_04": 1,
  "subHalfCyc_04": 1,
  "reserved3_04": 0,
  "prMes_05": 22100546.02603608,
  "cpMes_05": 116139110.09504029,
  "doMes_05": -144.3662109375,
  "gnssId_05": 2,
  "svId_05": 24,
  "sigId_05": 0,
  "freqId_05": 0,
  "locktime_05": 64500,
  "cno_05": 47,
  "prStd_05": 3,
  "cpStd_05": 1,
  "doStd_05": 5,
  "prValid_05": 1,
  "cpValid_05": 1,
  "halfCyc_05": 1,
  "subHalfCyc_05": 0,
  "reserved3_05": 0,
  "prMes_06": 34354831.38849073,
  "cpMes_06": 178894707.51734373,
  "doMes_06": -1232.51318359375,
  "gnssId_06": 3,
  "svId_06": 16,
  "sigId_06": 0,
  "freqId_06": 0,
  "locktime_06": 64500,
  "cno_06": 37,
  "prStd_06": 5,
  "cpStd_06": 2,
  "doStd_06": 7,
  "prValid_06": 1,
  "cpValid_06": 1,
  "halfCyc_06": 1,
  "subHalfCyc_06": 1,
  "reserved3_06": 0,
  "prMes_07": 19719264.09820347,
  "cpMes_07": 102683408.23959237,
  "doMes_07": -1525.07861328125,
  "gnssId_07": 3,
  "svId_07": 29,
  "sigId_07": 0,
  "freqId_07": 0,
  "locktime_07": 64500,
  "cno_07": 47,
  "prStd_07": 3,
  "cpStd_07": 1,
  "doStd_07": 5,
  "prValid_07": 1,
  "cpValid_07": 1,
  "halfCyc_07": 1,
  "subHalfCyc_07": 1,
  "reserved3_07": 0,
  "prMes_08": 35018496.50630589,
  "cpMes_08": 182350562.98406774,
  "doMes_08": -1521.902587890625,
  "gnssId_08": 3,
  "svId_08": 39,
  "sigId_08": 0,
  "freqId_08": 0,
  "locktime_08": 64500,
  "cno_08": 33,
  "prStd_08": 5,
  "cpStd_08": 4,
  "doStd_08": 8,
  "prValid_08": 1,
  "cpValid_08": 1,
  "halfCyc_08": 1,
  "subHalfCyc_08": 1,
  "reserved3_08": 0,
  "prMes_09": 34430029.40846639,
  "cpMes_09": 179286550.77451897,
  "doMes_09": -880.246337890625,
  "gnssId_09": 3,
  "svId_09": 40,
  "sigId_09": 0,
  "freqId_09": 0,
  "locktime_09": 64500,
  "cno_09": 47,
  "prStd_09": 3,
  "cpStd_09": 1,
  "doStd_09": 5,
  "prValid_09": 1,
  "cpValid_09": 1,
  "halfCyc_09": 1,
  "subHalfCyc_09": 0,
  "reserved3_09": 0,
  "prMes_10": 34456679.29186272,
  "cpMes_10": 179424933.18938467,
  "doMes_10": -574.715576171875,
  "gnssId_10": 3,
  "svId_10": 10,
  "sigId_10": 0,
  "freqId_10": 0,
  "locktime_10": 60520,
  "cno_10": 28,
  "prStd_10": 7,
  "cpStd_10": 5,
  "doStd_10": 7,
  "prValid_10": 1,
  "cpValid_10": 1,
  "halfCyc_10": 1,
  "subHalfCyc_10": 1,
  "reserved3_10": 0,
  "prMes_11": 33406103.123781215,
  "cpMes_11": 173954445.09991965,
  "doMes_11": -665.2587890625,
  "gnssId_11": 3,
  "svId_11": 9,
  "sigId_11": 0,
  "freqId_11": 0,
  "locktime_11": 64500,
  "cno_11": 35,
  "prStd_11": 5,
  "cpStd_11": 3,
  "doStd_11": 8,
  "prValid_11": 1,
  "cpValid_11": 1,
  "halfCyc_11": 1,
  "subHalfCyc_11": 1,
  "reserved3_11": 0,
  "prMes_12": 18933400.154878184,
  "cpMes_12": 101174345.55153164,
  "doMes_12": -1152.158203125,
  "gnssId_12": 6,
  "svId_12": 11,
  "sigId_12": 0,
  "freqId_12": 7,
  "locktime_12": 64500,
  "cno_12": 51,
  "prStd_12": 5,
  "cpStd_12": 1,
  "doStd_12": 4,
  "prValid_12": 1,
  "cpValid_12": 1,
  "halfCyc_12": 1,
  "subHalfCyc_12": 1,
  "reserved3_12": 0,
  "prMes_13": 19746075.310550023,
  "cpMes_13": 105331791.25910047,
  "doMes_13": -3752.5986328125,
  "gnssId_13": 6,
  "svId_13": 255,
  "sigId_13": 0,
  "freqId_13": 2,
  "locktime_13": 3000,
  "cno_13": 43,
  "prStd_13": 5,
  "cpStd_13": 1,
  "doStd_13": 6,
  "prValid_13": 1,
  "cpValid_13": 1,
  "halfCyc_13": 1,
  "subHalfCyc_13": 1,
  "reserved3_13": 0,
  "prMes_14": 19048171.103653107,
  "cpMes_14": 101894870.39459042,
  "doMes_14": 3509.177001953125,
  "gnssId_14": 6,
  "svId_14": 23,
  "sigId_14": 0,
  "freqId_14": 10,
  "locktime_14": 0,
  "cno_14": 26,
  "prStd_14": 9,
  "cpStd_14": 15,
  "doStd_14": 10,
  "prValid_14": 1,
  "cpValid_14": 0,
  "halfCyc_14": 0,
  "subHalfCyc_14": 0,
  "reserved3_14": 0,
  "prMes_15": 20918308.613780204,
  "cpMes_15": 111624102.06414492,
  "doMes_15": -2524.74169921875,
  "gnssId_15": 6,
  "svId_15": 2,
  "sigId_15": 0,
  "freqId_15": 3,
  "locktime_15": 0,
  "cno_15": 21,
  "prStd_15": 9,
  "cpStd_15": 15,
  "doStd_15": 12,
  "prValid_15": 1,
  "cpValid_15": 0,
  "halfCyc_15": 0,
  "subHalfCyc_15": 0,
  "reserved3_15": 0,
  "prMes_16": 19309357.70570295,
  "cpMes_16": 101471352.36327861,
  "doMes_16": -2914.88330078125,
  "gnssId_16": 0,
  "svId_16": 8,
  "sigId_16": 0,
  "freqId_16": 0,
  "locktime_16": 64500,
  "cno_16": 47,
  "prStd_16": 3,
  "cpStd_16": 1,
  "doStd_16": 5,
  "prValid_16": 1,
  "cpValid_16": 1,
  "halfCyc_16": 1,
  "subHalfCyc_16": 1,
  "reserved3_16": 0,
  "prMes_17": 36403156.14797519,
  "cpMes_17": 191300190.86870673,
  "doMes_17": -867.889404296875,
  "gnssId_17": 5,
  "svId_17": 3,
  "sigId_17": 0,
  "freqId_17": 0,
  "locktime_17": 64500,
  "cno_17": 44,
  "prStd_17": 3,
  "cpStd_17": 1,
  "doStd_17": 6,
  "prValid_17": 1,
  "cpValid_17": 1,
  "halfCyc_17": 1,
  "subHalfCyc_17": 1,
  "reserved3_17": 0,
  "prMes_18": 34789889.3703261,
  "cpMes_18": 182822108.91330573,
  "doMes_18": -334.761962890625,
  "gnssId_18": 5,
  "svId_18": 7,
  "sigId_18": 0,
  "freqId_18": 0,
  "locktime_18": 64500,
  "cno_18": 31,
  "prStd_18": 6,
  "cpStd_18": 5,
  "doStd_18": 8,
  "prValid_18": 1,
  "cpValid_18": 1,
  "halfCyc_18": 1,
  "subHalfCyc_18": 0,
  "reserved3_18": 0,
  "prMes_19": 22378184.396840435,
  "cpMes_19": 117598314.50763929,
  "doMes_19": 393.675048828125,
  "gnssId_19": 2,
  "svId_19": 12,
  "sigId_19": 0,
  "freqId_19": 0,
  "locktime_19": 64500,
  "cno_19": 36,
  "prStd_19": 5,
  "cpStd_19": 3,
  "doStd_19": 7,
  "prValid_19": 1,
  "cpValid_19": 1,
  "halfCyc_19": 1,
  "subHalfCyc_19": 0,
  "reserved3_19": 0,
  "prMes_20": 34071437.711047225,
  "cpMes_20": 177419104.86453238,
  "doMes_20": -639.703369140625,
  "gnssId_20": 3,
  "svId_20": 7,
  "sigId_20": 0,
  "freqId_20": 0,
  "locktime_20": 64500,
  "cno_20": 42,
  "prStd_20": 3,
  "cpStd_20": 2,
  "doStd_20": 6,
  "prValid_20": 1,
  "cpValid_20": 1,
  "halfCyc_20": 1,
  "subHalfCyc_20": 1,
  "reserved3_20": 0,
  "prMes_21": 33947237.49494058,
  "cpMes_21": 176772265.44992244,
  "doMes_21": -1141.934814453125,
  "gnssId_21": 3,
  "svId_21": 6,
  "sigId_21": 0,
  "freqId_21": 0,
  "locktime_21": 64500,
  "cno_21": 36,
  "prStd_21": 5,
  "cpStd_21": 3,
  "doStd_21": 8,