{
  "start_time": "2023-09-21 00:58:40",
  "rcvTow": 320335.993,
  "week": 2280,
  "leapS": 18,
  "numMeas": 50,
  "leapSec": 1,
  "clkReset": 0,
  "reserved1": 1153537,
  "prMes_01": 24315575.29654906,
  "cpMes_01": 127779324.10394253,
  "doMes_01": -1406.97412109375,
  "gnssId_01": 2,
  "svId_01": 31,
  "sigId_01": 0,
  "freqId_01": 0,
  "locktime_01": 64500,
  "cno_01": 40,
  "prStd_01": 4,
  "cpStd_01": 2,
  "doStd_01": 7,
  "prValid_01": 1,
  "cpValid_01": 1,
  "halfCyc_01": 1,
  "subHalfCyc_01": 0,
  "reserved3_01": 0,
  "prMes_02": 35240444.97262627,
  "cpMes_02": 185189849.37907135,
  "doMes_02": -583.85107421875,
  "gnssId_02": 5,
  "svId_02": 4,
  "sigId_02": 0,
  "freqId_02": 0,
  "locktime_02": 64500,
  "cno_02": 40,
  "prStd_02": 4,
  "cpStd_02": 2,
  "doStd_02": 7,
  "prValid_02": 1,
  "cpValid_02": 1,
  "halfCyc_02": 1,
  "subHalfCyc_02": 1,
  "reserved3_02": 0,
  "prMes_03": 18012476.305796977,
  "cpMes_03": 94656188.69493693,
  "doMes_03": -20.213134765625,
  "gnssId_03": 0,
  "svId_03": 7,
  "sigId_03": 0,
  "freqId_03": 0,
  "locktime_03": 64500,
  "cno_03": 37,
  "prStd_03": 5,
  "cpStd_03": 3,
  "doStd_03": 8,
  "prValid_03": 1,
  "cpValid_03": 1,
  "halfCyc_03": 1,
  "subHalfCyc_03": 1,
  "reserved3_03": 0,
  "prMes_04": 22169505.052771464,
  "cpMes_04": 116501491.31433491,
  "doMes_04": -174.604736328125,
  "gnssId_04": 2,
  "svId_04": 24,
  "sigId_04": 0,
  "freqId_04": 0,
  "locktime_04": 64500,
  "cno_04": 45,
  "prStd_04": 3,
  "cpStd_04": 1,
  "doStd_04": 5,
  "prValid_04": 1,
  "cpValid_04": 1,
  "halfCyc_04": 1,
  "subHalfCyc_04": 0,
  "reserved3_04": 0,
  "prMes_05": 35009884.89560665,
  "cpMes_05": 182305653.1510762,
  "doMes_05": -1574.835693359375,
  "gnssId_05": 3,
  "svId_05": 16,
  "sigId_05": 0,
  "freqId_05": 0,
  "locktime_05": 53760,
  "cno_05": 30,
  "prStd_05": 6,
  "cpStd_05": 7,
  "doStd_05": 8,
  "prValid_05": 1,
  "cpValid_05": 1,
  "halfCyc_05": 1,
  "subHalfCyc_05": 1,
  "reserved3_05": 0,
  "prMes_06": 20657759.099919353,
  "cpMes_06": 107570399.56163692,
  "doMes_06": -2442.85595703125,
  "gnssId_06": 3,
  "svId_06": 29,
  "sigId_06": 0,
  "freqId_06": 0,
  "locktime_06": 64500,
  "cno_06": 46,
  "prStd_06": 3,
  "cpStd_06": 1,
  "doStd_06": 5,
  "prValid_06": 1,
  "cpValid_06": 1,
  "halfCyc_06": 1,
  "subHalfCyc_06": 1,
  "reserved3_06": 0,
  "prMes_07": 35791429.36566002,
  "cpMes_07": 186375364.66817993,
  "doMes_07": -1786.346435546875,
  "gnssId_07": 3,
  "svId_07": 39,
  "sigId_07": 0,
  "freqId_07": 0,
  "locktime_07": 0,
  "cno_07": 25,
  "prStd_07": 8,
  "cpStd_07": 15,
  "doStd_07": 10,
  "prValid_07": 1,
  "cpValid_07": 0,
  "halfCyc_07": 0,
  "subHalfCyc_07": 0,
  "reserved3_07": 0,
  "prMes_08": 34812673.49358915,
  "cpMes_08": 181279082.90215206,
  "doMes_08": -751.0352172851562,
  "gnssId_08": 3,
  "svId_08": 40,
  "sigId_08": 0,
  "freqId_08": 0,
  "locktime_08": 64500,
  "cno_08": 44,
  "prStd_08": 3,
  "cpStd_08": 1,
  "doStd_08": 6,
  "prValid_08": 1,
  "cpValid_08": 1,
  "halfCyc_08": 1,
  "subHalfCyc_08": 0,
  "reserved3_08": 0,
  "prMes_09": 34707154.37362259,
  "cpMes_09": 180729276.25472707,
  "doMes_09": -490.496337890625,
  "gnssId_09": 3,
  "svId_09": 10,
  "sigId_09": 0,
  "freqId_09": 0,
  "locktime_09": 64500,
  "cno_09": 27,
  "prStd_09": 7,
  "cpStd_09": 8,
  "doStd_09": 8,
  "prValid_09": 1,
  "cpValid_09": 1,
  "halfCyc_09": 1,
  "subHalfCyc_09": 1,
  "reserved3_09": 0,
  "prMes_10": 33812566.399226785,
  "cpMes_10": 176070884.50108916,
  "doMes_10": -1082.67822265625,
  "gnssId_10": 3,
  "svId_10": 9,
  "sigId_10": 0,
  "freqId_10": 0,
  "locktime_10": 20460,
  "cno_10": 27,
  "prStd_10": 7,
  "cpStd_10": 7,
  "doStd_10": 8,
  "prValid_10": 1,
  "cpValid_10": 1,
  "halfCyc_10": 1,
  "subHalfCyc_10": 1,
  "reserved3_10": 0,
  "prMes_11": 19669021.362319767,
  "cpMes_11": 105105277.94941059,
  "doMes_11": -2134.560546875,
  "gnssId_11": 6,
  "svId_11": 11,
  "sigId_11": 0,
  "freqId_11": 7,
  "locktime_11": 64500,
  "cno_11": 47,
  "prStd_11": 5,
  "cpStd_11": 1,
  "doStd_11": 5,
  "prValid_11": 1,
  "cpValid_11": 1,
  "halfCyc_11": 1,
  "subHalfCyc_11": 1,
  "reserved3_11": 0,
  "prMes_12": 17765640.938505035,
  "cpMes_12": 95034219.6109997,
  "doMes_12": 2037.1785888671875,
  "gnssId_12": 6,
  "svId_12": 23,
  "sigId_12": 0,
  "freqId_12": 10,
  "locktime_12": 17900,
  "cno_12": 27,
  "prStd_12": 7,
  "cpStd_12": 8,
  "doStd_12": 8,
  "prValid_12": 1,
  "cpValid_12": 1,
  "halfCyc_12": 1,
  "subHalfCyc_12": 1,
  "reserved3_12": 0,
  "prMes_13": 21648810.356402922,
  "cpMes_13": 115481580.40259747,
  "doMes_13": -4485.94384765625,
  "gnssId_13": 6,
  "svId_13": 255,
  "sigId_13": 0,
  "freqId_13": 2,
  "locktime_13": 2000,
  "cno_13": 42,
  "prStd_13": 6,
  "cpStd_13": 1,
  "doStd_13": 6,
  "prValid_13": 1,
  "cpValid_13": 1,
  "halfCyc_13": 0,
  "subHalfCyc_13": 0,
  "reserved3_13": 0,
  "prMes_14": 20733485.34789336,
  "cpMes_14": 108955193.91357674,
  "doMes_14": -3188.199462890625,
  "gnssId_14": 0,
  "svId_14": 8,
  "sigId_14": 0,
  "freqId_14": 0,
  "locktime_14": 64500,
  "cno_14": 43,
  "prStd_14": 3,
  "cpStd_14": 1,
  "doStd_14": 6,
  "prValid_14": 1,
  "cpValid_14": 1,
  "halfCyc_14": 1,
  "subHalfCyc_14": 1,
  "reserved3_14": 0,
  "prMes_15": 36825624.54465487,
  "cpMes_15": 193520285.3099913,
  "doMes_15": -957.7208862304688,
  "gnssId_15": 5,
  "svId_15": 3,
  "sigId_15": 0,
  "freqId_15": 0,
  "locktime_15": 64500,
  "cno_15": 41,
  "prStd_15": 4,
  "cpStd_15": 2,
  "doStd_15": 7,
  "prValid_15": 1,
  "cpValid_15": 1,
  "halfCyc_15": 1,
  "subHalfCyc_15": 1,
  "reserved3_15": 0,
  "prMes_16": 34943834.09528208,
  "cpMes_16": 183631089.03137413,
  "doMes_16": -333.4697265625,
  "gnssId_16": 5,
  "svId_16": 7,
  "sigId_16": 0,
  "freqId_16": 0,
  "locktime_16": 64500,
  "cno_16": 32,
  "prStd_16": 6,
  "cpStd_16": 5,
  "doStd_16": 8,
  "prValid_16": 1,
  "cpValid_16": 1,
  "halfCyc_16": 1,
  "subHalfCyc_16": 0,
  "reserved3_16": 0,
  "prMes_17": 22459725.26551586,
  "cpMes_17": 118026822.55667834,
  "doMes_17": -756.250732421875,
  "gnssId_17": 2,
  "svId_17": 12,
  "sigId_17": 0,
  "freqId_17": 0,
  "locktime_17": 64500,
  "cno_17": 42,
  "prStd_17": 4,
  "cpStd_17": 1,
  "doStd_17": 6,
  "prValid_17": 1,
  "cpValid_17": 1,
  "halfCyc_17": 1,
  "subHalfCyc_17": 0,
  "reserved3_17": 0,
  "prMes_18": 34348686.19561527,
  "cpMes_18": 178862815.55899605,
  "doMes_18": -542.252197265625,
  "gnssId_18": 3,
  "svId_18": 7,
  "sigId_18": 0,
  "freqId_18": 0,
  "locktime_18": 64500,
  "cno_18": 44,
  "prStd_18": 3,
  "cpStd_18": 1,
  "doStd_18": 6,
  "prValid_18": 1,
  "cpValid_18": 1,
  "halfCyc_18": 1,
  "subHalfCyc_18": 1,
  "reserved3_18": 0,
  "prMes_19": 17664248.941116776,
  "cpMes_19": 94293151.27968091,
  "doMes_19": -2295.876220703125,
  "gnssId_19": 6,
  "svId_19": 22,
  "sigId_19": 0,
  "freqId_19": 4,
  "locktime_19": 64500,
  "cno_19": 48,
  "prStd_19": 5,
  "cpStd_19": 1,
  "doStd_19": 5,
  "prValid_19": 1,
  "cpValid_19": 1,
  "halfCyc_19": 1,
  "subHalfCyc_19": 1,
  "reserved3_19": 0,
  "prMes_20": 17925593.895569947,
  "cpMes_20": 95755261.77409577,
  "doMes_20": 952.7676391601562,
  "gnssId_20": 6,
  "svId_20": 12,
  "sigId_20": 0,
  "freqId_20": 6,
  "locktime_20": 64500,
  "cno_20": 49,
  "prStd_20": 5,
  "cpStd_20": 1,
  "doStd_20": 5,
  "prValid_20": 1,
  "cpValid_20": 1,
  "halfCyc_20": 1,
  "subHalfCyc_20": 1,
  "reserved3_20": 0,
  "prMes_21": 21292451.382760834,
  "cpMes_21": 113940086.53439248,
  "doMes_21": -4490.794921875,
  "gnssId_21": 6,
  "svId_21": 21,
  "sigId_21": 0,
  "freqId_21": 11,
  "locktime_21": 64500,
  "cno_21": 40,
  "prStd_21": 5,
  "cpStd_21": 2,