{
  "start_time": "2023-09-21 00:19:01",
  "rcvTow": 317956.992,
  "week": 2280,
  "leapS": 18,
  "numMeas": 52,
  "leapSec": 1,
  "clkReset": 0,
  "reserved1": 12886273,
  "prMes_01": 23713577.59708632,
  "cpMes_01": 124615816.02666685,
  "doMes_01": -1279.015380859375,
  "gnssId_01": 2,
  "svId_01": 31,
  "sigId_01": 0,
  "freqId_01": 0,
  "locktime_01": 64500,
  "cno_01": 43,
  "prStd_01": 4,
  "cpStd_01": 1,
  "doStd_01": 6,
  "prValid_01": 1,
  "cpValid_01": 1,
  "halfCyc_01": 1,
  "subHalfCyc_01": 0,
  "reserved3_01": 0,
  "prMes_02": 20053950.431792617,
  "cpMes_02": 105384166.28872354,
  "doMes_02": 2493.838134765625,
  "gnssId_02": 0,
  "svId_02": 30,
  "sigId_02": 0,
  "freqId_02": 0,
  "locktime_02": 27740,
  "cno_02": 27,
  "prStd_02": 8,
  "cpStd_02": 8,
  "doStd_02": 8,
  "prValid_02": 1,
  "cpValid_02": 1,
  "halfCyc_02": 1,
  "subHalfCyc_02": 0,
  "reserved3_02": 0,
  "prMes_03": 34955949.596207224,
  "cpMes_03": 183694796.21365055,
  "doMes_03": -672.1689453125,
  "gnssId_03": 5,
  "svId_03": 4,
  "sigId_03": 0,
  "freqId_03": 0,
  "locktime_03": 64500,
  "cno_03": 43,
  "prStd_03": 3,
  "cpStd_03": 2,
  "doStd_03": 6,
  "prValid_03": 1,
  "cpValid_03": 1,
  "halfCyc_03": 1,
  "subHalfCyc_03": 1,
  "reserved3_03": 0,
  "prMes_04": 18314422.313874863,
  "cpMes_04": 96242927.92418814,
  "doMes_04": 1288.958740234375,
  "gnssId_04": 0,
  "svId_04": 7,
  "sigId_04": 0,
  "freqId_04": 0,
  "locktime_04": 64500,
  "cno_04": 35,
  "prStd_04": 5,
  "cpStd_04": 4,
  "doStd_04": 8,
  "prValid_04": 1,
  "cpValid_04": 1,
  "halfCyc_04": 1,
  "subHalfCyc_04": 1,
  "reserved3_04": 0,
  "prMes_05": 22101699.453320272,
  "cpMes_05": 116145171.86940442,
  "doMes_05": -144.22802734375,
  "gnssId_05": 2,
  "svId_05": 24,
  "sigId_05": 0,
  "freqId_05": 0,
  "locktime_05": 64500,
  "cno_05": 46,
  "prStd_05": 3,
  "cpStd_05": 1,
  "doStd_05": 5,
  "prValid_05": 1,
  "cpValid_05": 1,
  "halfCyc_05": 1,
  "subHalfCyc_05": 0,
  "reserved3_05": 0,
  "prMes_06": 34364796.93184922,
  "cpMes_06": 178946599.95520148,
  "doMes_06": -1238.787109375,
  "gnssId_06": 3,
  "svId_06": 16,
  "sigId_06": 0,
  "freqId_06": 0,
  "locktime_06": 64500,
  "cno_06": 38,
  "prStd_06": 4,
  "cpStd_06": 2,
  "doStd_06": 7,
  "prValid_06": 1,
  "cpValid_06": 1,
  "halfCyc_06": 1,
  "subHalfCyc_06": 1,
  "reserved3_06": 0,
  "prMes_07": 19731644.096127346,
  "cpMes_07": 102747873.31983274,
  "doMes_07": -1544.5299072265625,
  "gnssId_07": 3,
  "svId_07": 29,
  "sigId_07": 0,
  "freqId_07": 0,
  "locktime_07": 64500,
  "cno_07": 47,
  "prStd_07": 3,
  "cpStd_07": 1,
  "doStd_07": 5,
  "prValid_07": 1,
  "cpValid_07": 1,
  "halfCyc_07": 1,
  "subHalfCyc_07": 1,
  "reserved3_07": 0,
  "prMes_08": 35030793.59992051,
  "cpMes_08": 182414596.42092717,
  "doMes_08": -1527.0235595703125,
  "gnssId_08": 3,
  "svId_08": 39,
  "sigId_08": 0,
  "freqId_08": 0,
  "locktime_08": 64500,
  "cno_08": 33,
  "prStd_08": 5,
  "cpStd_08": 4,
  "doStd_08": 8,
  "prValid_08": 1,
  "cpValid_08": 1,
  "halfCyc_08": 1,
  "subHalfCyc_08": 1,
  "reserved3_08": 0,
  "prMes_09": 34437125.55172538,
  "cpMes_09": 179323502.06079942,
  "doMes_09": -879.0418090820312,
  "gnssId_09": 3,
  "svId_09": 40,
  "sigId_09": 0,
  "freqId_09": 0,
  "locktime_09": 64500,
  "cno_09": 47,
  "prStd_09": 3,
  "cpStd_09": 1,
  "doStd_09": 5,
  "prValid_09": 1,
  "cpValid_09": 1,
  "halfCyc_09": 1,
  "subHalfCyc_09": 0,
  "reserved3_09": 0,
  "prMes_10": 34461312.38009449,
  "cpMes_10": 179449061.29406476,
  "doMes_10": -574.23486328125,
  "gnssId_10": 3,
  "svId_10": 10,
  "sigId_10": 0,
  "freqId_10": 0,
  "locktime_10": 64500,
  "cno_10": 28,
  "prStd_10": 7,
  "cpStd_10": 8,
  "doStd_10": 8,
  "prValid_10": 1,
  "cpValid_10": 1,
  "halfCyc_10": 1,
  "subHalfCyc_10": 1,
  "reserved3_10": 0,
  "prMes_11": 33411497.66636384,
  "cpMes_11": 173982536.0890784,
  "doMes_11": -671.8140258789062,
  "gnssId_11": 3,
  "svId_11": 9,
  "sigId_11": 0,
  "freqId_11": 0,
  "locktime_11": 64500,
  "cno_11": 35,
  "prStd_11": 5,
  "cpStd_11": 3,
  "doStd_11": 8,
  "prValid_11": 1,
  "cpValid_11": 1,
  "halfCyc_11": 1,
  "subHalfCyc_11": 1,
  "reserved3_11": 0,
  "prMes_12": 18942514.501883242,
  "cpMes_12": 101223052.5291302,
  "doMes_12": -1167.147216796875,
  "gnssId_12": 6,
  "svId_12": 11,
  "sigId_12": 0,
  "freqId_12": 7,
  "locktime_12": 64500,
  "cno_12": 50,
  "prStd_12": 5,
  "cpStd_12": 1,
  "doStd_12": 4,
  "prValid_12": 1,
  "cpValid_12": 1,
  "halfCyc_12": 1,
  "subHalfCyc_12": 1,
  "reserved3_12": 0,
  "prMes_13": 19775703.75821057,
  "cpMes_13": 105489841.73958635,
  "doMes_13": -3773.30517578125,
  "gnssId_13": 6,
  "svId_13": 255,
  "sigId_13": 0,
  "freqId_13": 2,
  "locktime_13": 15000,
  "cno_13": 42,
  "prStd_13": 5,
  "cpStd_13": 2,
  "doStd_13": 6,
  "prValid_13": 1,
  "cpValid_13": 1,
  "halfCyc_13": 1,
  "subHalfCyc_13": 1,
  "reserved3_13": 0,
  "prMes_14": 19020742.99687489,
  "cpMes_14": 101748019.73167899,
  "doMes_14": 3487.60107421875,
  "gnssId_14": 6,
  "svId_14": 23,
  "sigId_14": 0,
  "freqId_14": 10,
  "locktime_14": 16040,
  "cno_14": 28,
  "prStd_14": 8,
  "cpStd_14": 6,
  "doStd_14": 8,
  "prValid_14": 1,
  "cpValid_14": 1,
  "halfCyc_14": 1,
  "subHalfCyc_14": 1,
  "reserved3_14": 0,
  "prMes_15": 20938243.605297502,
  "cpMes_15": 111730479.80832356,
  "doMes_15": -2538.65966796875,
  "gnssId_15": 6,
  "svId_15": 2,
  "sigId_15": 0,
  "freqId_15": 3,
  "locktime_15": 0,
  "cno_15": 22,
  "prStd_15": 10,
  "cpStd_15": 15,
  "doStd_15": 12,
  "prValid_15": 1,
  "cpValid_15": 0,
  "halfCyc_15": 0,
  "subHalfCyc_15": 0,
  "reserved3_15": 0,
  "prMes_16": 19332691.850331873,
  "cpMes_16": 101593974.24572466,
  "doMes_16": -2924.07666015625,
  "gnssId_16": 0,
  "svId_16": 8,
  "sigId_16": 0,
  "freqId_16": 0,
  "locktime_16": 64500,
  "cno_16": 47,
  "prStd_16": 3,
  "cpStd_16": 1,
  "doStd_16": 5,
  "prValid_16": 1,
  "cpValid_16": 1,
  "halfCyc_16": 1,
  "subHalfCyc_16": 1,
  "reserved3_16": 0,
  "prMes_17": 36410101.25450419,
  "cpMes_17": 191336687.6467212,
  "doMes_17": -869.976806640625,
  "gnssId_17": 5,
  "svId_17": 3,
  "sigId_17": 0,
  "freqId_17": 0,
  "locktime_17": 64500,
  "cno_17": 44,
  "prStd_17": 3,
  "cpStd_17": 1,
  "doStd_17": 6,
  "prValid_17": 1,
  "cpValid_17": 1,
  "halfCyc_17": 1,
  "subHalfCyc_17": 1,
  "reserved3_17": 0,
  "prMes_18": 34792563.280033715,
  "cpMes_18": 182836161.04287195,
  "doMes_18": -333.8798828125,
  "gnssId_18": 5,
  "svId_18": 7,
  "sigId_18": 0,
  "freqId_18": 0,
  "locktime_18": 64500,
  "cno_18": 31,
  "prStd_18": 6,
  "cpStd_18": 5,
  "doStd_18": 8,
  "prValid_18": 1,
  "cpValid_18": 1,
  "halfCyc_18": 1,
  "subHalfCyc_18": 0,
  "reserved3_18": 0,
  "prMes_19": 22375116.40083851,
  "cpMes_19": 117582193.09550934,
  "doMes_19": 374.230224609375,
  "gnssId_19": 2,
  "svId_19": 12,
  "sigId_19": 0,
  "freqId_19": 0,
  "locktime_19": 64500,
  "cno_19": 36,
  "prStd_19": 5,
  "cpStd_19": 3,
  "doStd_19": 7,
  "prValid_19": 1,
  "cpValid_19": 1,
  "halfCyc_19": 1,
  "subHalfCyc_19": 0,
  "reserved3_19": 0,
  "prMes_20": 34076595.87200313,
  "cpMes_20": 177445964.5595845,
  "doMes_20": -638.831787109375,
  "gnssId_20": 3,
  "svId_20": 7,
  "sigId_20": 0,
  "freqId_20": 0,
  "locktime_20": 64500,
  "cno_20": 42,
  "prStd_20": 3,
  "cpStd_20": 1,
  "doStd_20": 6,
  "prValid_20": 1,
  "cpValid_20": 1,
  "halfCyc_20": 1,
  "subHalfCyc_20": 1,
  "reserved3_20": 0,
  "prMes_21": 33956477.66946289,
  "cpMes_21": 176820380.46479213,
  "doMes_21": -1149.227294921875,
  "gnssId_21": 3,
  "svId_21": 6,
  "sigId_21": 0,
  "freqId_21": 0,
  "locktime_21": 64500,
  "cno_21": 35,
  "prStd_21": 5,
  "cpStd_21": 3,