{
  "start_time": "2023-09-21 00:17:22",
  "rcvTow": 317857.992,
  "week": 2280,
  "leapS": 18,
  "numMeas": 51,
  "leapSec": 1,
  "clkReset": 0,
  "reserved1": 4319489,
  "prMes_01": 23689502.84392726,
  "cpMes_01": 124489303.00039434,
  "doMes_01": -1276.92578125,
  "gnssId_01": 2,
  "svId_01": 31,
  "sigId_01": 0,
  "freqId_01": 0,
  "locktime_01": 64500,
  "cno_01": 43,
  "prStd_01": 4,
  "cpStd_01": 1,
  "doStd_01": 6,
  "prValid_01": 1,
  "cpValid_01": 1,
  "halfCyc_01": 1,
  "subHalfCyc_01": 0,
  "reserved3_01": 0,
  "prMes_02": 20101169.670842085,
  "cpMes_02": 105632350.19546032,
  "doMes_02": 2518.419677734375,
  "gnssId_02": 0,
  "svId_02": 30,
  "sigId_02": 0,
  "freqId_02": 0,
  "locktime_02": 19660,
  "cno_02": 28,
  "prStd_02": 8,
  "cpStd_02": 6,
  "doStd_02": 8,
  "prValid_02": 1,
  "cpValid_02": 1,
  "halfCyc_02": 1,
  "subHalfCyc_02": 0,
  "reserved3_02": 0,
  "prMes_03": 34943257.95547294,
  "cpMes_03": 183628100.93927395,
  "doMes_03": -675.38232421875,
  "gnssId_03": 5,
  "svId_03": 4,
  "sigId_03": 0,
  "freqId_03": 0,
  "locktime_03": 64500,
  "cno_03": 43,
  "prStd_03": 3,
  "cpStd_03": 2,
  "doStd_03": 7,
  "prValid_03": 1,
  "cpValid_03": 1,
  "halfCyc_03": 1,
  "subHalfCyc_03": 1,
  "reserved3_03": 0,
  "prMes_04": 18339134.505618934,
  "cpMes_04": 96372793.91851884,
  "doMes_04": 1333.82568359375,
  "gnssId_04": 0,
  "svId_04": 7,
  "sigId_04": 0,
  "freqId_04": 0,
  "locktime_04": 64500,
  "cno_04": 33,
  "prStd_04": 6,
  "cpStd_04": 6,
  "doStd_04": 9,
  "prValid_04": 1,
  "cpValid_04": 1,
  "halfCyc_04": 1,
  "subHalfCyc_04": 1,
  "reserved3_04": 0,
  "prMes_05": 22098976.317804836,
  "cpMes_05": 116130861.48577559,
  "doMes_05": -145.039306640625,
  "gnssId_05": 2,
  "svId_05": 24,
  "sigId_05": 0,
  "freqId_05": 0,
  "locktime_05": 64500,
  "cno_05": 46,
  "prStd_05": 3,
  "cpStd_05": 1,
  "doStd_05": 5,
  "prValid_05": 1,
  "cpValid_05": 1,
  "halfCyc_05": 1,
  "subHalfCyc_05": 0,
  "reserved3_05": 0,
  "prMes_06": 34341390.35059865,
  "cpMes_06": 178824717.93996054,
  "doMes_06": -1223.76416015625,
  "gnssId_06": 3,
  "svId_06": 16,
  "sigId_06": 0,
  "freqId_06": 0,
  "locktime_06": 64500,
  "cno_06": 37,
  "prStd_06": 5,
  "cpStd_06": 3,
  "doStd_06": 7,
  "prValid_06": 1,
  "cpValid_06": 1,
  "halfCyc_06": 1,
  "subHalfCyc_06": 1,
  "reserved3_06": 0,
  "prMes_07": 19702713.01047132,
  "cpMes_07": 102597220.3809765,
  "doMes_07": -1498.780517578125,
  "gnssId_07": 3,
  "svId_07": 29,
  "sigId_07": 0,
  "freqId_07": 0,
  "locktime_07": 64500,
  "cno_07": 46,
  "prStd_07": 3,
  "cpStd_07": 1,
  "doStd_07": 5,
  "prValid_07": 1,
  "cpValid_07": 1,
  "halfCyc_07": 1,
  "subHalfCyc_07": 1,
  "reserved3_07": 0,
  "prMes_08": 35001878.43088729,
  "cpMes_08": 182264025.07393554,
  "doMes_08": -1515.0888671875,
  "gnssId_08": 3,
  "svId_08": 39,
  "sigId_08": 0,
  "freqId_08": 0,
  "locktime_08": 64500,
  "cno_08": 34,
  "prStd_08": 5,
  "cpStd_08": 4,
  "doStd_08": 8,
  "prValid_08": 1,
  "cpValid_08": 1,
  "halfCyc_08": 1,
  "subHalfCyc_08": 1,
  "reserved3_08": 0,
  "prMes_09": 34420380.67297336,
  "cpMes_09": 179236307.51690763,
  "doMes_09": -882.387939453125,
  "gnssId_09": 3,
  "svId_09": 40,
  "sigId_09": 0,
  "freqId_09": 0,
  "locktime_09": 64500,
  "cno_09": 47,
  "prStd_09": 3,
  "cpStd_09": 1,
  "doStd_09": 5,
  "prValid_09": 1,
  "cpValid_09": 1,
  "halfCyc_09": 1,
  "subHalfCyc_09": 0,
  "reserved3_09": 0,
  "prMes_10": 34450376.074073255,
  "cpMes_10": 179392136.46613222,
  "doMes_10": -575.81396484375,
  "gnssId_10": 3,
  "svId_10": 10,
  "sigId_10": 0,
  "freqId_10": 0,
  "locktime_10": 3520,
  "cno_10": 27,
  "prStd_10": 8,
  "cpStd_10": 8,
  "doStd_10": 8,
  "prValid_10": 1,
  "cpValid_10": 1,
  "halfCyc_10": 0,
  "subHalfCyc_10": 0,
  "reserved3_10": 0,
  "prMes_11": 33398874.780394863,
  "cpMes_11": 173916806.8319843,
  "doMes_11": -655.1513671875,
  "gnssId_11": 3,
  "svId_11": 9,
  "sigId_11": 0,
  "freqId_11": 0,
  "locktime_11": 64500,
  "cno_11": 34,
  "prStd_11": 5,
  "cpStd_11": 4,
  "doStd_11": 8,
  "prValid_11": 1,
  "cpValid_11": 1,
  "halfCyc_11": 1,
  "subHalfCyc_11": 1,
  "reserved3_11": 0,
  "prMes_12": 18921213.247801647,
  "cpMes_12": 101109226.90578465,
  "doMes_12": -1132.607421875,
  "gnssId_12": 6,
  "svId_12": 11,
  "sigId_12": 0,
  "freqId_12": 7,
  "locktime_12": 64500,
  "cno_12": 50,
  "prStd_12": 5,
  "cpStd_12": 1,
  "doStd_12": 4,
  "prValid_12": 1,
  "cpValid_12": 1,
  "halfCyc_12": 1,
  "subHalfCyc_12": 1,
  "reserved3_12": 0,
  "prMes_13": 19706119.60059855,
  "cpMes_13": 105118651.62288252,
  "doMes_13": -3725.189697265625,
  "gnssId_13": 6,
  "svId_13": 255,
  "sigId_13": 0,
  "freqId_13": 2,
  "locktime_13": 6000,
  "cno_13": 42,
  "prStd_13": 5,
  "cpStd_13": 1,
  "doStd_13": 6,
  "prValid_13": 1,
  "cpValid_13": 1,
  "halfCyc_13": 1,
  "subHalfCyc_13": 1,
  "reserved3_13": 0,
  "prMes_14": 19085707.96968122,
  "cpMes_14": 102095641.92602797,
  "doMes_14": 3531.40771484375,
  "gnssId_14": 6,
  "svId_14": 23,
  "sigId_14": 0,
  "freqId_14": 10,
  "locktime_14": 3620,
  "cno_14": 26,
  "prStd_14": 9,
  "cpStd_14": 9,
  "doStd_14": 8,
  "prValid_14": 1,
  "cpValid_14": 1,
  "halfCyc_14": 1,
  "subHalfCyc_14": 1,
  "reserved3_14": 0,
  "prMes_15": 20891399.50607314,
  "cpMes_15": 111480510.8237935,
  "doMes_15": -2504.269775390625,
  "gnssId_15": 6,
  "svId_15": 2,
  "sigId_15": 0,
  "freqId_15": 3,
  "locktime_15": 0,
  "cno_15": 17,
  "prStd_15": 10,
  "cpStd_15": 15,
  "doStd_15": 12,
  "prValid_15": 1,
  "cpValid_15": 0,
  "halfCyc_15": 0,
  "subHalfCyc_15": 0,
  "reserved3_15": 0,
  "prMes_16": 19277805.952140253,
  "cpMes_16": 101305550.01160786,
  "doMes_16": -2902.611328125,
  "gnssId_16": 0,
  "svId_16": 8,
  "sigId_16": 0,
  "freqId_16": 0,
  "locktime_16": 64500,
  "cno_16": 46,
  "prStd_16": 3,
  "cpStd_16": 1,
  "doStd_16": 5,
  "prValid_16": 1,
  "cpValid_16": 1,
  "halfCyc_16": 1,
  "subHalfCyc_16": 1,
  "reserved3_16": 0,
  "prMes_17": 36393756.23011125,
  "cpMes_17": 191250793.96548405,
  "doMes_17": -865.4296875,
  "gnssId_17": 5,
  "svId_17": 3,
  "sigId_17": 0,
  "freqId_17": 0,
  "locktime_17": 64500,
  "cno_17": 44,
  "prStd_17": 3,
  "cpStd_17": 1,
  "doStd_17": 6,
  "prValid_17": 1,
  "cpValid_17": 1,
  "halfCyc_17": 1,
  "subHalfCyc_17": 1,
  "reserved3_17": 0,
  "prMes_18": 34786261.51082173,
  "cpMes_18": 182803040.229544,
  "doMes_18": -334.60546875,
  "gnssId_18": 5,
  "svId_18": 7,
  "sigId_18": 0,
  "freqId_18": 0,
  "locktime_18": 64500,
  "cno_18": 31,
  "prStd_18": 6,
  "cpStd_18": 5,
  "doStd_18": 8,
  "prValid_18": 1,
  "cpValid_18": 1,
  "halfCyc_18": 1,
  "subHalfCyc_18": 0,
  "reserved3_18": 0,
  "prMes_19": 22382591.509708345,
  "cpMes_19": 117621477.24356115,
  "doMes_19": 419.133056640625,
  "gnssId_19": 2,
  "svId_19": 12,
  "sigId_19": 0,
  "freqId_19": 0,
  "locktime_19": 64500,
  "cno_19": 36,
  "prStd_19": 4,
  "cpStd_19": 3,
  "doStd_19": 7,
  "prValid_19": 1,
  "cpValid_19": 1,
  "halfCyc_19": 1,
  "subHalfCyc_19": 0,
  "reserved3_19": 0,
  "prMes_20": 34064423.495373905,
  "cpMes_20": 177382579.1277379,
  "doMes_20": -641.680908203125,
  "gnssId_20": 3,
  "svId_20": 7,
  "sigId_20": 0,
  "freqId_20": 0,
  "locktime_20": 64500,
  "cno_20": 42,
  "prStd_20": 3,
  "cpStd_20": 1,
  "doStd_20": 6,
  "prValid_20": 1,
  "cpValid_20": 1,
  "halfCyc_20": 1,
  "subHalfCyc_20": 1,
  "reserved3_20": 0,
  "prMes_21": 33934784.20233294,
  "cpMes_21": 176707415.06963405,
  "doMes_21": -1133.067626953125,
  "gnssId_21": 3,
  "svId_21": 6,
  "sigId_21": 0,
  "freqId_21": 0,
  "locktime_21": 64500,
  "cno_21": 36,
  "prStd_21": 5,
  "cpStd_21": 3,
  "doStd_21": 8,