{
  "start_time": "2023-09-21 00:58:26",
  "rcvTow": 320321.993,
  "week": 2280,
  "leapS": 18,
  "numMeas": 49,
  "leapSec": 1,
  "clkReset": 0,
  "reserved1": 14346753,
  "prMes_01": 24311829.444954414,
  "cpMes_01": 127759635.29855916,
  "doMes_01": -1406.16748046875,
  "gnssId_01": 2,
  "svId_01": 31,
  "sigId_01": 0,
  "freqId_01": 0,
  "locktime_01": 64500,
  "cno_01": 41,
  "prStd_01": 4,
  "cpStd_01": 2,
  "doStd_01": 6,
  "prValid_01": 1,
  "cpValid_01": 1,
  "halfCyc_01": 1,
  "subHalfCyc_01": 0,
  "reserved3_01": 0,
  "prMes_02": 35238887.94267622,
  "cpMes_02": 185181667.54055604,
  "doMes_02": -584.930419921875,
  "gnssId_02": 5,
  "svId_02": 4,
  "sigId_02": 0,
  "freqId_02": 0,
  "locktime_02": 64500,
  "cno_02": 40,
  "prStd_02": 4,
  "cpStd_02": 2,
  "doStd_02": 7,
  "prValid_02": 1,
  "cpValid_02": 1,
  "halfCyc_02": 1,
  "subHalfCyc_02": 1,
  "reserved3_02": 0,
  "prMes_03": 18012433.912377603,
  "cpMes_03": 94655965.29271276,
  "doMes_03": -12.166258811950684,
  "gnssId_03": 0,
  "svId_03": 7,
  "sigId_03": 0,
  "freqId_03": 0,
  "locktime_03": 64500,
  "cno_03": 36,
  "prStd_03": 5,
  "cpStd_03": 3,
  "doStd_03": 7,
  "prValid_03": 1,
  "cpValid_03": 1,
  "halfCyc_03": 1,
  "subHalfCyc_03": 1,
  "reserved3_03": 0,
  "prMes_04": 22169040.484768495,
  "cpMes_04": 116499051.01641305,
  "doMes_04": -174.39697265625,
  "gnssId_04": 2,
  "svId_04": 24,
  "sigId_04": 0,
  "freqId_04": 0,
  "locktime_04": 64500,
  "cno_04": 45,
  "prStd_04": 3,
  "cpStd_04": 1,
  "doStd_04": 5,
  "prValid_04": 1,
  "cpValid_04": 1,
  "halfCyc_04": 1,
  "subHalfCyc_04": 0,
  "reserved3_04": 0,
  "prMes_05": 35005655.26520393,
  "cpMes_05": 182283629.40214613,
  "doMes_05": -1572.70849609375,
  "gnssId_05": 3,
  "svId_05": 16,
  "sigId_05": 0,
  "freqId_05": 0,
  "locktime_05": 39760,
  "cno_05": 30,
  "prStd_05": 6,
  "cpStd_05": 8,
  "doStd_05": 9,
  "prValid_05": 1,
  "cpValid_05": 1,
  "halfCyc_05": 1,
  "subHalfCyc_05": 1,
  "reserved3_05": 0,
  "prMes_06": 20651196.82017598,
  "cpMes_06": 107536229.02132106,
  "doMes_06": -2438.895263671875,
  "gnssId_06": 3,
  "svId_06": 29,
  "sigId_06": 0,
  "freqId_06": 0,
  "locktime_06": 64500,
  "cno_06": 46,
  "prStd_06": 3,
  "cpStd_06": 1,
  "doStd_06": 5,
  "prValid_06": 1,
  "cpValid_06": 1,
  "halfCyc_06": 1,
  "subHalfCyc_06": 1,
  "reserved3_06": 0,
  "prMes_07": 35786633.15607346,
  "cpMes_07": 186350389.81313404,
  "doMes_07": -1787.964111328125,
  "gnssId_07": 3,
  "svId_07": 39,
  "sigId_07": 0,
  "freqId_07": 0,
  "locktime_07": 0,
  "cno_07": 26,
  "prStd_07": 8,
  "cpStd_07": 15,
  "doStd_07": 10,
  "prValid_07": 1,
  "cpValid_07": 0,
  "halfCyc_07": 0,
  "subHalfCyc_07": 0,
  "reserved3_07": 0,
  "prMes_08": 34810653.0793193,
  "cpMes_08": 181268562.07976523,
  "doMes_08": -752.291015625,
  "gnssId_08": 3,
  "svId_08": 40,
  "sigId_08": 0,
  "freqId_08": 0,
  "locktime_08": 64500,
  "cno_08": 44,
  "prStd_08": 3,
  "cpStd_08": 1,
  "doStd_08": 6,
  "prValid_08": 1,
  "cpValid_08": 1,
  "halfCyc_08": 1,
  "subHalfCyc_08": 0,
  "reserved3_08": 0,
  "prMes_09": 34705830.24907628,
  "cpMes_09": 180722403.5354284,
  "doMes_09": -491.5263671875,
  "gnssId_09": 3,
  "svId_09": 10,
  "sigId_09": 0,
  "freqId_09": 0,
  "locktime_09": 64500,
  "cno_09": 26,
  "prStd_09": 8,
  "cpStd_09": 10,
  "doStd_09": 8,
  "prValid_09": 1,
  "cpValid_09": 1,
  "halfCyc_09": 1,
  "subHalfCyc_09": 1,
  "reserved3_09": 0,
  "prMes_10": 33809655.046500415,
  "cpMes_10": 176055744.87854654,
  "doMes_10": -1081.43310546875,
  "gnssId_10": 3,
  "svId_10": 9,
  "sigId_10": 0,
  "freqId_10": 0,
  "locktime_10": 6460,
  "cno_10": 27,
  "prStd_10": 8,
  "cpStd_10": 10,
  "doStd_10": 8,
  "prValid_10": 1,
  "cpValid_10": 1,
  "halfCyc_10": 1,
  "subHalfCyc_10": 1,
  "reserved3_10": 0,
  "prMes_11": 19663437.350019388,
  "cpMes_11": 105075438.43253829,
  "doMes_11": -2128.587646484375,
  "gnssId_11": 6,
  "svId_11": 11,
  "sigId_11": 0,
  "freqId_11": 7,
  "locktime_11": 64500,
  "cno_11": 47,
  "prStd_11": 5,
  "cpStd_11": 1,
  "doStd_11": 5,
  "prValid_11": 1,
  "cpValid_11": 1,
  "halfCyc_11": 1,
  "subHalfCyc_11": 1,
  "reserved3_11": 0,
  "prMes_12": 17770988.987565123,
  "cpMes_12": 95062817.78143491,
  "doMes_12": 2048.1044921875,
  "gnssId_12": 6,
  "svId_12": 23,
  "sigId_12": 0,
  "freqId_12": 10,
  "locktime_12": 3900,
  "cno_12": 30,
  "prStd_12": 7,
  "cpStd_12": 7,
  "doStd_12": 8,
  "prValid_12": 1,
  "cpValid_12": 1,
  "halfCyc_12": 1,
  "subHalfCyc_12": 1,
  "reserved3_12": 0,
  "prMes_13": 20724992.20281351,
  "cpMes_13": 108910560.93927625,
  "doMes_13": -3188.127197265625,
  "gnssId_13": 0,
  "svId_13": 8,
  "sigId_13": 0,
  "freqId_13": 0,
  "locktime_13": 64500,
  "cno_13": 43,
  "prStd_13": 3,
  "cpStd_13": 2,
  "doStd_13": 7,
  "prValid_13": 1,
  "cpValid_13": 1,
  "halfCyc_13": 1,
  "subHalfCyc_13": 1,
  "reserved3_13": 0,
  "prMes_14": 36823073.79509402,
  "cpMes_14": 193506881.67109305,
  "doMes_14": -957.3546752929688,
  "gnssId_14": 5,
  "svId_14": 3,
  "sigId_14": 0,
  "freqId_14": 0,
  "locktime_14": 64500,
  "cno_14": 41,
  "prStd_14": 4,
  "cpStd_14": 2,
  "doStd_14": 7,
  "prValid_14": 1,
  "cpValid_14": 1,
  "halfCyc_14": 1,
  "subHalfCyc_14": 1,
  "reserved3_14": 0,
  "prMes_15": 34942946.14346522,
  "cpMes_15": 183626423.82818434,
  "doMes_15": -333.749267578125,
  "gnssId_15": 5,
  "svId_15": 7,
  "sigId_15": 0,
  "freqId_15": 0,
  "locktime_15": 64500,
  "cno_15": 32,
  "prStd_15": 6,
  "cpStd_15": 4,
  "doStd_15": 8,
  "prValid_15": 1,
  "cpValid_15": 1,
  "halfCyc_15": 1,
  "subHalfCyc_15": 0,
  "reserved3_15": 0,
  "prMes_16": 22457719.820740793,
  "cpMes_16": 118016282.0232087,
  "doMes_16": -749.830322265625,
  "gnssId_16": 2,
  "svId_16": 12,
  "sigId_16": 0,
  "freqId_16": 0,
  "locktime_16": 64500,
  "cno_16": 42,
  "prStd_16": 4,
  "cpStd_16": 1,
  "doStd_16": 6,
  "prValid_16": 1,
  "cpValid_16": 1,
  "halfCyc_16": 1,
  "subHalfCyc_16": 0,
  "reserved3_16": 0,
  "prMes_17": 34347227.61316262,
  "cpMes_17": 178855220.50443706,
  "doMes_17": -542.998046875,
  "gnssId_17": 3,
  "svId_17": 7,
  "sigId_17": 0,
  "freqId_17": 0,
  "locktime_17": 64500,
  "cno_17": 44,
  "prStd_17": 3,
  "cpStd_17": 1,
  "doStd_17": 6,
  "prValid_17": 1,
  "cpValid_17": 1,
  "halfCyc_17": 1,
  "subHalfCyc_17": 1,
  "reserved3_17": 0,
  "prMes_18": 17658241.236133657,
  "cpMes_18": 94261080.9324572,
  "doMes_18": -2285.78466796875,
  "gnssId_18": 6,
  "svId_18": 22,
  "sigId_18": 0,
  "freqId_18": 4,
  "locktime_18": 64500,
  "cno_18": 48,
  "prStd_18": 5,
  "cpStd_18": 1,
  "doStd_18": 5,
  "prValid_18": 1,
  "cpValid_18": 1,
  "halfCyc_18": 1,
  "subHalfCyc_18": 1,
  "reserved3_18": 0,
  "prMes_19": 17928097.271419276,
  "cpMes_19": 95768634.87581798,
  "doMes_19": 957.4312133789062,
  "gnssId_19": 6,
  "svId_19": 12,
  "sigId_19": 0,
  "freqId_19": 6,
  "locktime_19": 64500,
  "cno_19": 49,
  "prStd_19": 5,
  "cpStd_19": 1,
  "doStd_19": 5,
  "prValid_19": 1,
  "cpValid_19": 1,
  "halfCyc_19": 1,
  "subHalfCyc_19": 1,
  "reserved3_19": 0,
  "prMes_20": 21280704.617570482,
  "cpMes_20": 113877228.57149772,
  "doMes_20": -4489.39111328125,
  "gnssId_20": 6,
  "svId_20": 21,
  "sigId_20": 0,
  "freqId_20": 11,
  "locktime_20": 64500,
  "cno_20": 40,
  "prStd_20": 5,
  "cpStd_20": 2,
  "doStd_20": 7,
  "prValid_20": 1,
  "cpValid_20": 1,
  "halfCyc_20": 1,
  "subHalfCyc_20": 1,
  "reserved3_20": 0,
  "prMes_21": 21890400.60255192,
  "cpMes_21": 115035008.02295175,
  "doMes_21": 619.209716796875,
  "gnssId_21": 2,
  "svId_21": 10,
  "sigId_21": 0,
  "freqId_21": 0,
  "locktime_21": 64500,
  "cno_21": 45,
  "prStd_21": 3,
  "cpStd_21": 1,