{
  "start_time": "2023-09-21 00:33:54",
  "rcvTow": 318849.993,
  "week": 2280,
  "leapS": 18,
  "numMeas": 52,
  "leapSec": 1,
  "clkReset": 0,
  "reserved1": 6613505,
  "prMes_01": 23933100.97077412,
  "cpMes_01": 125769416.93255489,
  "doMes_01": -1308.474365234375,
  "gnssId_01": 2,
  "svId_01": 31,
  "sigId_01": 0,
  "freqId_01": 0,
  "locktime_01": 64500,
  "cno_01": 41,
  "prStd_01": 4,
  "cpStd_01": 2,
  "doStd_01": 6,
  "prValid_01": 1,
  "cpValid_01": 1,
  "halfCyc_01": 1,
  "subHalfCyc_01": 0,
  "reserved3_01": 0,
  "prMes_02": 35067394.200547166,
  "cpMes_02": 184280453.9354209,
  "doMes_02": -639.530029296875,
  "gnssId_02": 5,
  "svId_02": 4,
  "sigId_02": 0,
  "freqId_02": 0,
  "locktime_02": 64500,
  "cno_02": 41,
  "prStd_02": 4,
  "cpStd_02": 1,
  "doStd_02": 6,
  "prValid_02": 1,
  "cpValid_02": 1,
  "halfCyc_02": 1,
  "subHalfCyc_02": 1,
  "reserved3_02": 0,
  "prMes_03": 18132147.899679545,
  "cpMes_03": 95285063.86008838,
  "doMes_03": 845.155029296875,
  "gnssId_03": 0,
  "svId_03": 7,
  "sigId_03": 0,
  "freqId_03": 0,
  "locktime_03": 64500,
  "cno_03": 38,
  "prStd_03": 5,
  "cpStd_03": 2,
  "doStd_03": 7,
  "prValid_03": 1,
  "cpValid_03": 1,
  "halfCyc_03": 1,
  "subHalfCyc_03": 1,
  "reserved3_03": 0,
  "prMes_04": 22125876.748356227,
  "cpMes_04": 116272226.29872417,
  "doMes_04": -142.505615234375,
  "gnssId_04": 2,
  "svId_04": 24,
  "sigId_04": 0,
  "freqId_04": 0,
  "locktime_04": 64500,
  "cno_04": 43,
  "prStd_04": 4,
  "cpStd_04": 1,
  "doStd_04": 6,
  "prValid_04": 1,
  "cpValid_04": 1,
  "halfCyc_04": 1,
  "subHalfCyc_04": 0,
  "reserved3_04": 0,
  "prMes_05": 34588773.55657122,
  "cpMes_05": 180112907.40703267,
  "doMes_05": -1372.04443359375,
  "gnssId_05": 3,
  "svId_05": 16,
  "sigId_05": 0,
  "freqId_05": 0,
  "locktime_05": 64500,
  "cno_05": 34,
  "prStd_05": 5,
  "cpStd_05": 4,
  "doStd_05": 8,
  "prValid_05": 1,
  "cpValid_05": 1,
  "halfCyc_05": 1,
  "subHalfCyc_05": 1,
  "reserved3_05": 0,
  "prMes_06": 20030137.77672031,
  "cpMes_06": 104302208.77719939,
  "doMes_06": -1928.1634521484375,
  "gnssId_06": 3,
  "svId_06": 29,
  "sigId_06": 0,
  "freqId_06": 0,
  "locktime_06": 64500,
  "cno_06": 46,
  "prStd_06": 3,
  "cpStd_06": 1,
  "doStd_06": 5,
  "prValid_06": 1,
  "cpValid_06": 1,
  "halfCyc_06": 1,
  "subHalfCyc_06": 1,
  "reserved3_06": 0,
  "prMes_07": 35302166.99599499,
  "cpMes_07": 183827624.73003215,
  "doMes_07": -1635.6395263671875,
  "gnssId_07": 3,
  "svId_07": 39,
  "sigId_07": 0,
  "freqId_07": 0,
  "locktime_07": 64500,
  "cno_07": 28,
  "prStd_07": 6,
  "cpStd_07": 6,
  "doStd_07": 8,
  "prValid_07": 1,
  "cpValid_07": 1,
  "halfCyc_07": 1,
  "subHalfCyc_07": 1,
  "reserved3_07": 0,
  "prMes_08": 34584782.712923825,
  "cpMes_08": 180092393.6777779,
  "doMes_08": -840.899658203125,
  "gnssId_08": 3,
  "svId_08": 40,
  "sigId_08": 0,
  "freqId_08": 0,
  "locktime_08": 64500,
  "cno_08": 48,
  "prStd_08": 3,
  "cpStd_08": 1,
  "doStd_08": 5,
  "prValid_08": 1,
  "cpValid_08": 1,
  "halfCyc_08": 1,
  "subHalfCyc_08": 0,
  "reserved3_08": 0,
  "prMes_09": 34557913.63420143,
  "cpMes_09": 179952119.33547974,
  "doMes_09": -552.040283203125,
  "gnssId_09": 3,
  "svId_09": 10,
  "sigId_09": 0,
  "freqId_09": 0,
  "locktime_09": 33700,
  "cno_09": 30,
  "prStd_09": 6,
  "cpStd_09": 6,
  "doStd_09": 8,
  "prValid_09": 1,
  "cpValid_09": 1,
  "halfCyc_09": 1,
  "subHalfCyc_09": 0,
  "reserved3_09": 0,
  "prMes_10": 33539994.926693983,
  "cpMes_10": 174651553.9715693,
  "doMes_10": -825.369873046875,
  "gnssId_10": 3,
  "svId_10": 9,
  "sigId_10": 0,
  "freqId_10": 0,
  "locktime_10": 64500,
  "cno_10": 30,
  "prStd_10": 6,
  "cpStd_10": 7,
  "doStd_10": 9,
  "prValid_10": 1,
  "cpValid_10": 1,
  "halfCyc_10": 1,
  "subHalfCyc_10": 1,
  "reserved3_10": 0,
  "prMes_11": 19164950.681202542,
  "cpMes_11": 102411686.50384957,
  "doMes_11": -1501.8326416015625,
  "gnssId_11": 6,
  "svId_11": 11,
  "sigId_11": 0,
  "freqId_11": 7,
  "locktime_11": 64500,
  "cno_11": 50,
  "prStd_11": 5,
  "cpStd_11": 1,
  "doStd_11": 5,
  "prValid_11": 1,
  "cpValid_11": 1,
  "halfCyc_11": 1,
  "subHalfCyc_11": 1,
  "reserved3_11": 0,
  "prMes_12": 20439766.264040843,
  "cpMes_12": 109032155.64244288,
  "doMes_12": -4140.083984375,
  "gnssId_12": 6,
  "svId_12": 255,
  "sigId_12": 0,
  "freqId_12": 2,
  "locktime_12": 8000,
  "cno_12": 42,
  "prStd_12": 5,
  "cpStd_12": 1,
  "doStd_12": 6,
  "prValid_12": 1,
  "cpValid_12": 1,
  "halfCyc_12": 1,
  "subHalfCyc_12": 0,
  "reserved3_12": 0,
  "prMes_13": 18475197.485756174,
  "cpMes_13": 98829850.72480182,
  "doMes_13": 3028.873291015625,
  "gnssId_13": 6,
  "svId_13": 23,
  "sigId_13": 0,
  "freqId_13": 10,
  "locktime_13": 12540,
  "cno_13": 28,
  "prStd_13": 8,
  "cpStd_13": 7,
  "doStd_13": 8,
  "prValid_13": 1,
  "cpValid_13": 1,
  "halfCyc_13": 1,
  "subHalfCyc_13": 0,
  "reserved3_13": 0,
  "prMes_14": 19843625.751574934,
  "cpMes_14": 104278954.35959798,
  "doMes_14": -3077.682373046875,
  "gnssId_14": 0,
  "svId_14": 8,
  "sigId_14": 0,
  "freqId_14": 0,
  "locktime_14": 64500,
  "cno_14": 42,
  "prStd_14": 4,
  "cpStd_14": 2,
  "doStd_14": 7,
  "prValid_14": 1,
  "cpValid_14": 1,
  "halfCyc_14": 1,
  "subHalfCyc_14": 1,
  "reserved3_14": 0,
  "prMes_15": 36561285.028066464,
  "cpMes_15": 192131167.85411334,
  "doMes_15": -908.4716796875,
  "gnssId_15": 5,
  "svId_15": 3,
  "sigId_15": 0,
  "freqId_15": 0,
  "locktime_15": 64500,
  "cno_15": 44,
  "prStd_15": 3,
  "cpStd_15": 1,
  "doStd_15": 6,
  "prValid_15": 1,
  "cpValid_15": 1,
  "halfCyc_15": 1,
  "subHalfCyc_15": 1,
  "reserved3_15": 0,
  "prMes_16": 34849395.32387988,
  "cpMes_16": 183134815.805081,
  "doMes_16": -334.30419921875,
  "gnssId_16": 5,
  "svId_16": 7,
  "sigId_16": 0,
  "freqId_16": 0,
  "locktime_16": 64500,
  "cno_16": 32,
  "prStd_16": 6,
  "cpStd_16": 5,
  "doStd_16": 8,
  "prValid_16": 1,
  "cpValid_16": 1,
  "halfCyc_16": 1,
  "subHalfCyc_16": 0,
  "reserved3_16": 0,
  "prMes_17": 22346697.854322623,
  "cpMes_17": 117432854.12534034,
  "doMes_17": -42.932861328125,
  "gnssId_17": 2,
  "svId_17": 12,
  "sigId_17": 0,
  "freqId_17": 0,
  "locktime_17": 64500,
  "cno_17": 41,
  "prStd_17": 4,
  "cpStd_17": 2,
  "doStd_17": 6,
  "prValid_17": 1,
  "cpValid_17": 1,
  "halfCyc_17": 1,
  "subHalfCyc_17": 0,
  "reserved3_17": 0,
  "prMes_18": 34183790.927912824,
  "cpMes_18": 178004158.59500998,
  "doMes_18": -609.886474609375,
  "gnssId_18": 3,
  "svId_18": 7,
  "sigId_18": 0,
  "freqId_18": 0,
  "locktime_18": 64500,
  "cno_18": 43,
  "prStd_18": 3,
  "cpStd_18": 1,
  "doStd_18": 6,
  "prValid_18": 1,
  "cpValid_18": 1,
  "halfCyc_18": 1,
  "subHalfCyc_18": 1,
  "reserved3_18": 0,
  "prMes_19": 34165470.23502856,
  "cpMes_19": 177908577.7544329,
  "doMes_19": -1287.636474609375,
  "gnssId_19": 3,
  "svId_19": 6,
  "sigId_19": 0,
  "freqId_19": 0,
  "locktime_19": 64500,
  "cno_19": 29,
  "prStd_19": 6,
  "cpStd_19": 6,
  "doStd_19": 8,
  "prValid_19": 1,
  "cpValid_19": 1,
  "halfCyc_19": 1,
  "subHalfCyc_19": 0,
  "reserved3_19": 0,
  "prMes_20": 17188786.933408394,
  "cpMes_20": 91755100.18890798,
  "doMes_20": -1085.6788330078125,
  "gnssId_20": 6,
  "svId_20": 22,
  "sigId_20": 0,
  "freqId_20": 4,
  "locktime_20": 64500,
  "cno_20": 46,
  "prStd_20": 5,
  "cpStd_20": 1,
  "doStd_20": 5,
  "prValid_20": 1,
  "cpValid_20": 1,
  "halfCyc_20": 1,
  "subHalfCyc_20": 1,
  "reserved3_20": 0,
  "prMes_21": 18249367.19272837,
  "cpMes_21": 97484799.37749313,
  "doMes_21": 1337.354248046875,
  "gnssId_21": 6,
  "svId_21": 12,
  "sigId_21": 0,
  "freqId_21": 6,
  "locktime_21": 64500,
  "cno_21": 49,
  "prStd_21": 5,
  "cpStd_21": 1,