{
  "start_time": "2023-09-21 00:15:08",
  "rcvTow": 317723.992,
  "week": 2280,
  "leapS": 18,
  "numMeas": 51,
  "leapSec": 1,
  "clkReset": 0,
  "reserved1": 3569921,
  "prMes_01": 23656971.565738086,
  "cpMes_01": 124318350.0954152,
  "doMes_01": -1274.754150390625,
  "gnssId_01": 2,
  "svId_01": 31,
  "sigId_01": 0,
  "freqId_01": 0,
  "locktime_01": 64500,
  "cno_01": 43,
  "prStd_01": 4,
  "cpStd_01": 1,
  "doStd_01": 6,
  "prValid_01": 1,
  "cpValid_01": 1,
  "halfCyc_01": 1,
  "subHalfCyc_01": 0,
  "reserved3_01": 0,
  "prMes_02": 34925975.7197415,
  "cpMes_02": 183537280.66559052,
  "doMes_02": -680.3642578125,
  "gnssId_02": 5,
  "svId_02": 4,
  "sigId_02": 0,
  "freqId_02": 0,
  "locktime_02": 64500,
  "cno_02": 43,
  "prStd_02": 3,
  "cpStd_02": 1,
  "doStd_02": 6,
  "prValid_02": 1,
  "cpValid_02": 1,
  "halfCyc_02": 1,
  "subHalfCyc_02": 1,
  "reserved3_02": 0,
  "prMes_03": 18373920.466971908,
  "cpMes_03": 96555589.5270009,
  "doMes_03": 1393.9696044921875,
  "gnssId_03": 0,
  "svId_03": 7,
  "sigId_03": 0,
  "freqId_03": 0,
  "locktime_03": 64500,
  "cno_03": 34,
  "prStd_03": 5,
  "cpStd_03": 5,
  "doStd_03": 8,
  "prValid_03": 1,
  "cpValid_03": 1,
  "halfCyc_03": 1,
  "subHalfCyc_03": 1,
  "reserved3_03": 0,
  "prMes_04": 22095263.438466407,
  "cpMes_04": 116111350.4148843,
  "doMes_04": -146.4091796875,
  "gnssId_04": 2,
  "svId_04": 24,
  "sigId_04": 0,
  "freqId_04": 0,
  "locktime_04": 64500,
  "cno_04": 47,
  "prStd_04": 3,
  "cpStd_04": 1,
  "doStd_04": 5,
  "prValid_04": 1,
  "cpValid_04": 1,
  "halfCyc_04": 1,
  "subHalfCyc_04": 0,
  "reserved3_04": 0,
  "prMes_05": 34310172.137426585,
  "cpMes_05": 178662155.23108703,
  "doMes_05": -1202.797607421875,
  "gnssId_05": 3,
  "svId_05": 16,
  "sigId_05": 0,
  "freqId_05": 0,
  "locktime_05": 64500,
  "cno_05": 38,
  "prStd_05": 4,
  "cpStd_05": 2,
  "doStd_05": 7,
  "prValid_05": 1,
  "cpValid_05": 1,
  "halfCyc_05": 1,
  "subHalfCyc_05": 1,
  "reserved3_05": 0,
  "prMes_06": 19664944.035886213,
  "cpMes_06": 102400547.84322636,
  "doMes_06": -1436.636474609375,
  "gnssId_06": 3,
  "svId_06": 29,
  "sigId_06": 0,
  "freqId_06": 0,
  "locktime_06": 64500,
  "cno_06": 46,
  "prStd_06": 3,
  "cpStd_06": 1,
  "doStd_06": 5,
  "prValid_06": 1,
  "cpValid_06": 1,
  "halfCyc_06": 1,
  "subHalfCyc_06": 1,
  "reserved3_06": 0,
  "prMes_07": 34963127.99442233,
  "cpMes_07": 182062242.52076626,
  "doMes_07": -1497.283935546875,
  "gnssId_07": 3,
  "svId_07": 39,
  "sigId_07": 0,
  "freqId_07": 0,
  "locktime_07": 64500,
  "cno_07": 34,
  "prStd_07": 5,
  "cpStd_07": 3,
  "doStd_07": 8,
  "prValid_07": 1,
  "cpValid_07": 1,
  "halfCyc_07": 1,
  "subHalfCyc_07": 1,
  "reserved3_07": 0,
  "prMes_08": 34397616.43919364,
  "cpMes_08": 179117767.98045394,
  "doMes_08": -886.916259765625,
  "gnssId_08": 3,
  "svId_08": 40,
  "sigId_08": 0,
  "freqId_08": 0,
  "locktime_08": 64500,
  "cno_08": 47,
  "prStd_08": 3,
  "cpStd_08": 1,
  "doStd_08": 5,
  "prValid_08": 1,
  "cpValid_08": 1,
  "halfCyc_08": 1,
  "subHalfCyc_08": 0,
  "reserved3_08": 0,
  "prMes_09": 34435524.73010491,
  "cpMes_09": 179314810.25746566,
  "doMes_09": -578.773681640625,
  "gnssId_09": 3,
  "svId_09": 10,
  "sigId_09": 0,
  "freqId_09": 0,
  "locktime_09": 1900,
  "cno_09": 26,
  "prStd_09": 8,
  "cpStd_09": 7,
  "doStd_09": 9,
  "prValid_09": 1,
  "cpValid_09": 1,
  "halfCyc_09": 0,
  "subHalfCyc_09": 0,
  "reserved3_09": 0,
  "prMes_10": 33382302.44737162,
  "cpMes_10": 173830509.71174082,
  "doMes_10": -632.80029296875,
  "gnssId_10": 3,
  "svId_10": 9,
  "sigId_10": 0,
  "freqId_10": 0,
  "locktime_10": 64500,
  "cno_10": 34,
  "prStd_10": 5,
  "cpStd_10": 4,
  "doStd_10": 8,
  "prValid_10": 1,
  "cpValid_10": 1,
  "halfCyc_10": 1,
  "subHalfCyc_10": 1,
  "reserved3_10": 0,
  "prMes_11": 18893386.880567234,
  "cpMes_11": 100960532.89498155,
  "doMes_11": -1087.0445556640625,
  "gnssId_11": 6,
  "svId_11": 11,
  "sigId_11": 0,
  "freqId_11": 7,
  "locktime_11": 64500,
  "cno_11": 51,
  "prStd_11": 5,
  "cpStd_11": 1,
  "doStd_11": 5,
  "prValid_11": 1,
  "cpValid_11": 1,
  "halfCyc_11": 1,
  "subHalfCyc_11": 1,
  "reserved3_11": 0,
  "prMes_12": 19174877.43731749,
  "cpMes_12": 102572664.51884688,
  "doMes_12": 3588.800048828125,
  "gnssId_12": 6,
  "svId_12": 23,
  "sigId_12": 0,
  "freqId_12": 10,
  "locktime_12": 0,
  "cno_12": 22,
  "prStd_12": 9,
  "cpStd_12": 15,
  "doStd_12": 11,
  "prValid_12": 1,
  "cpValid_12": 0,
  "halfCyc_12": 0,
  "subHalfCyc_12": 0,
  "reserved3_12": 0,
  "prMes_13": 19613388.949134473,
  "cpMes_13": 104623999.44459242,
  "doMes_13": -3657.9990234375,
  "gnssId_13": 6,
  "svId_13": 255,
  "sigId_13": 0,
  "freqId_13": 2,
  "locktime_13": 22000,
  "cno_13": 45,
  "prStd_13": 5,
  "cpStd_13": 1,
  "doStd_13": 6,
  "prValid_13": 1,
  "cpValid_13": 1,
  "halfCyc_13": 1,
  "subHalfCyc_13": 1,
  "reserved3_13": 0,
  "prMes_14": 20829260.174432497,
  "cpMes_14": 111148923.43264346,
  "doMes_14": -2448.0478515625,
  "gnssId_14": 6,
  "svId_14": 2,
  "sigId_14": 0,
  "freqId_14": 3,
  "locktime_14": 0,
  "cno_14": 19,
  "prStd_14": 10,
  "cpStd_14": 15,
  "doStd_14": 12,
  "prValid_14": 1,
  "cpValid_14": 0,
  "halfCyc_14": 0,
  "subHalfCyc_14": 0,
  "reserved3_14": 0,
  "prMes_15": 19204179.124362353,
  "cpMes_15": 100918637.3117785,
  "doMes_15": -2872.24755859375,
  "gnssId_15": 0,
  "svId_15": 8,
  "sigId_15": 0,
  "freqId_15": 0,
  "locktime_15": 64500,
  "cno_15": 46,
  "prStd_15": 3,
  "cpStd_15": 1,
  "doStd_15": 5,
  "prValid_15": 1,
  "cpValid_15": 1,
  "halfCyc_15": 1,
  "subHalfCyc_15": 1,
  "reserved3_15": 0,
  "prMes_16": 36371773.88188592,
  "cpMes_16": 191135274.56197515,
  "doMes_16": -859.06982421875,
  "gnssId_16": 5,
  "svId_16": 3,
  "sigId_16": 0,
  "freqId_16": 0,
  "locktime_16": 64500,
  "cno_16": 44,
  "prStd_16": 3,
  "cpStd_16": 1,
  "doStd_16": 6,
  "prValid_16": 1,
  "cpValid_16": 1,
  "halfCyc_16": 1,
  "subHalfCyc_16": 1,
  "reserved3_16": 0,
  "prMes_17": 34777729.88068268,
  "cpMes_17": 182758211.8441134,
  "doMes_17": -335.240966796875,
  "gnssId_17": 5,
  "svId_17": 7,
  "sigId_17": 0,
  "freqId_17": 0,
  "locktime_17": 64500,
  "cno_17": 31,
  "prStd_17": 6,
  "cpStd_17": 5,
  "doStd_17": 8,
  "prValid_17": 1,
  "cpValid_17": 1,
  "halfCyc_17": 1,
  "subHalfCyc_17": 0,
  "reserved3_17": 0,
  "prMes_18": 22394053.938119207,
  "cpMes_18": 117681709.1842001,
  "doMes_18": 479.5485534667969,
  "gnssId_18": 2,
  "svId_18": 12,
  "sigId_18": 0,
  "freqId_18": 0,
  "locktime_18": 64500,
  "cno_18": 38,
  "prStd_18": 4,
  "cpStd_18": 2,
  "doStd_18": 7,
  "prValid_18": 1,
  "cpValid_18": 1,
  "halfCyc_18": 1,
  "subHalfCyc_18": 0,
  "reserved3_18": 0,
  "prMes_19": 34047870.22622494,
  "cpMes_19": 177296382.14202327,
  "doMes_19": -645.098876953125,
  "gnssId_19": 3,
  "svId_19": 7,
  "sigId_19": 0,
  "freqId_19": 0,
  "locktime_19": 64500,
  "cno_19": 42,
  "prStd_19": 3,
  "cpStd_19": 1,
  "doStd_19": 6,
  "prValid_19": 1,
  "cpValid_19": 1,
  "halfCyc_19": 1,
  "subHalfCyc_19": 1,
  "reserved3_19": 0,
  "prMes_20": 33905896.09809883,
  "cpMes_20": 176556988.00273195,
  "doMes_20": -1112.030029296875,
  "gnssId_20": 3,
  "svId_20": 6,
  "sigId_20": 0,
  "freqId_20": 0,
  "locktime_20": 64500,
  "cno_20": 36,
  "prStd_20": 5,
  "cpStd_20": 3,
  "doStd_20": 7,
  "prValid_20": 1,
  "cpValid_20": 1,
  "halfCyc_20": 1,
  "subHalfCyc_20": 1,
  "reserved3_20": 0,
  "prMes_21": 17065668.73571232,
  "cpMes_21": 91097883.7934332,
  "doMes_21": -76.363525390625,
  "gnssId_21": 6,
  "svId_21": 22,
  "sigId_21": 0,
  "freqId_21": 4,
  "locktime_21": 64500,
  "cno_21": 47,
  "prStd_21": 5,
  "cpStd_21": 1,
  "doStd_21": 5,