{
  "start_time": "2023-09-21 00:06:46",
  "rcvTow": 317221.992,
  "week": 2280,
  "leapS": 18,
  "numMeas": 48,
  "leapSec": 1,
  "clkReset": 0,
  "reserved1": 9275649,
  "prMes_01": 23535450.067990854,
  "cpMes_01": 123679754.90176456,
  "doMes_01": -1270.5400390625,
  "gnssId_01": 2,
  "svId_01": 31,
  "sigId_01": 0,
  "freqId_01": 0,
  "locktime_01": 64500,
  "cno_01": 41,
  "prStd_01": 4,
  "cpStd_01": 2,
  "doStd_01": 6,
  "prValid_01": 1,
  "cpValid_01": 1,
  "halfCyc_01": 1,
  "subHalfCyc_01": 0,
  "reserved3_01": 0,
  "prMes_02": 34860170.162757166,
  "cpMes_02": 183191459.89760676,
  "doMes_02": -697.4984741210938,
  "gnssId_02": 5,
  "svId_02": 4,
  "sigId_02": 0,
  "freqId_02": 0,
  "locktime_02": 64500,
  "cno_02": 43,
  "prStd_02": 3,
  "cpStd_02": 1,
  "doStd_02": 6,
  "prValid_02": 1,
  "cpValid_02": 1,
  "halfCyc_02": 1,
  "subHalfCyc_02": 1,
  "reserved3_02": 0,
  "prMes_03": 18517185.580005616,
  "cpMes_03": 97308452.33861405,
  "doMes_03": 1601.641845703125,
  "gnssId_03": 0,
  "svId_03": 7,
  "sigId_03": 0,
  "freqId_03": 0,
  "locktime_03": 64500,
  "cno_03": 35,
  "prStd_03": 5,
  "cpStd_03": 3,
  "doStd_03": 7,
  "prValid_03": 1,
  "cpValid_03": 1,
  "halfCyc_03": 1,
  "subHalfCyc_03": 1,
  "reserved3_03": 0,
  "prMes_04": 22080989.402703974,
  "cpMes_04": 116036338.63894975,
  "doMes_04": -152.855224609375,
  "gnssId_04": 2,
  "svId_04": 24,
  "sigId_04": 0,
  "freqId_04": 0,
  "locktime_04": 64500,
  "cno_04": 47,
  "prStd_04": 3,
  "cpStd_04": 1,
  "doStd_04": 5,
  "prValid_04": 1,
  "cpValid_04": 1,
  "halfCyc_04": 1,
  "subHalfCyc_04": 0,
  "reserved3_04": 0,
  "prMes_05": 34197977.84855865,
  "cpMes_05": 178077933.50258934,
  "doMes_05": -1124.8720703125,
  "gnssId_05": 3,
  "svId_05": 16,
  "sigId_05": 0,
  "freqId_05": 0,
  "locktime_05": 64500,
  "cno_05": 40,
  "prStd_05": 4,
  "cpStd_05": 2,
  "doStd_05": 7,
  "prValid_05": 1,
  "cpValid_05": 1,
  "halfCyc_05": 1,
  "subHalfCyc_05": 1,
  "reserved3_05": 0,
  "prMes_06": 19538054.27544467,
  "cpMes_06": 101739802.71023746,
  "doMes_06": -1194.142333984375,
  "gnssId_06": 3,
  "svId_06": 29,
  "sigId_06": 0,
  "freqId_06": 0,
  "locktime_06": 64500,
  "cno_06": 43,
  "prStd_06": 3,
  "cpStd_06": 1,
  "doStd_06": 6,
  "prValid_06": 1,
  "cpValid_06": 1,
  "halfCyc_06": 1,
  "subHalfCyc_06": 1,
  "reserved3_06": 0,
  "prMes_07": 34822001.93961909,
  "cpMes_07": 181327364.241544,
  "doMes_07": -1430.2529296875,
  "gnssId_07": 3,
  "svId_07": 39,
  "sigId_07": 0,
  "freqId_07": 0,
  "locktime_07": 64500,
  "cno_07": 36,
  "prStd_07": 5,
  "cpStd_07": 3,
  "doStd_07": 7,
  "prValid_07": 1,
  "cpValid_07": 1,
  "halfCyc_07": 1,
  "subHalfCyc_07": 1,
  "reserved3_07": 0,
  "prMes_08": 34311428.56231756,
  "cpMes_08": 178668965.6494705,
  "doMes_08": -900.536376953125,
  "gnssId_08": 3,
  "svId_08": 40,
  "sigId_08": 0,
  "freqId_08": 0,
  "locktime_08": 64500,
  "cno_08": 47,
  "prStd_08": 3,
  "cpStd_08": 1,
  "doStd_08": 5,
  "prValid_08": 1,
  "cpValid_08": 1,
  "halfCyc_08": 1,
  "subHalfCyc_08": 0,
  "reserved3_08": 0,
  "prMes_09": 34379410.128857024,
  "cpMes_09": 179022609.70033792,
  "doMes_09": -584.470947265625,
  "gnssId_09": 3,
  "svId_09": 10,
  "sigId_09": 0,
  "freqId_09": 0,
  "locktime_09": 0,
  "cno_09": 25,
  "prStd_09": 8,
  "cpStd_09": 15,
  "doStd_09": 11,
  "prValid_09": 1,
  "cpValid_09": 0,
  "halfCyc_09": 0,
  "subHalfCyc_09": 0,
  "reserved3_09": 0,
  "prMes_10": 33325401.441730764,
  "cpMes_10": 173534211.51084068,
  "doMes_10": -548.98681640625,
  "gnssId_10": 3,
  "svId_10": 9,
  "sigId_10": 0,
  "freqId_10": 0,
  "locktime_10": 64500,
  "cno_10": 36,
  "prStd_10": 5,
  "cpStd_10": 3,
  "doStd_10": 8,
  "prValid_10": 1,
  "cpValid_10": 1,
  "halfCyc_10": 1,
  "subHalfCyc_10": 1,
  "reserved3_10": 0,
  "prMes_11": 18798948.875439003,
  "cpMes_11": 100455884.8789337,
  "doMes_11": -926.23779296875,
  "gnssId_11": 6,
  "svId_11": 11,
  "sigId_11": 0,
  "freqId_11": 7,
  "locktime_11": 64500,
  "cno_11": 49,
  "prStd_11": 5,
  "cpStd_11": 1,
  "doStd_11": 5,
  "prValid_11": 1,
  "cpValid_11": 1,
  "halfCyc_11": 1,
  "subHalfCyc_11": 1,
  "reserved3_11": 0,
  "prMes_12": 18935808.599448983,
  "cpMes_12": 99508340.23932634,
  "doMes_12": -2742.68798828125,
  "gnssId_12": 0,
  "svId_12": 8,
  "sigId_12": 0,
  "freqId_12": 0,
  "locktime_12": 64500,
  "cno_12": 44,
  "prStd_12": 3,
  "cpStd_12": 1,
  "doStd_12": 6,
  "prValid_12": 1,
  "cpValid_12": 1,
  "halfCyc_12": 1,
  "subHalfCyc_12": 1,
  "reserved3_12": 0,
  "prMes_13": 36290891.35945979,
  "cpMes_13": 190710234.27922288,
  "doMes_13": -834.19189453125,
  "gnssId_13": 5,
  "svId_13": 3,
  "sigId_13": 0,
  "freqId_13": 0,
  "locktime_13": 64500,
  "cno_13": 44,
  "prStd_13": 3,
  "cpStd_13": 1,
  "doStd_13": 6,
  "prValid_13": 1,
  "cpValid_13": 1,
  "halfCyc_13": 1,
  "subHalfCyc_13": 1,
  "reserved3_13": 0,
  "prMes_14": 34745757.71912663,
  "cpMes_14": 182590192.87638092,
  "doMes_14": -334.148681640625,
  "gnssId_14": 5,
  "svId_14": 7,
  "sigId_14": 0,
  "freqId_14": 0,
  "locktime_14": 64500,
  "cno_14": 31,
  "prStd_14": 6,
  "cpStd_14": 5,
  "doStd_14": 8,
  "prValid_14": 1,
  "cpValid_14": 1,
  "halfCyc_14": 1,
  "subHalfCyc_14": 0,
  "reserved3_14": 0,
  "prMes_15": 22450440.416272312,
  "cpMes_15": 117978013.47796918,
  "doMes_15": 699.068603515625,
  "gnssId_15": 2,
  "svId_15": 12,
  "sigId_15": 0,
  "freqId_15": 0,
  "locktime_15": 64500,
  "cno_15": 42,
  "prStd_15": 4,
  "cpStd_15": 1,
  "doStd_15": 6,
  "prValid_15": 1,
  "cpValid_15": 1,
  "halfCyc_15": 1,
  "subHalfCyc_15": 0,
  "reserved3_15": 0,
  "prMes_16": 33985142.94844644,
  "cpMes_16": 176969744.30222607,
  "doMes_16": -656.01806640625,
  "gnssId_16": 3,
  "svId_16": 7,
  "sigId_16": 0,
  "freqId_16": 0,
  "locktime_16": 64500,
  "cno_16": 41,
  "prStd_16": 3,
  "cpStd_16": 2,
  "doStd_16": 6,
  "prValid_16": 1,
  "cpValid_16": 1,
  "halfCyc_16": 1,
  "subHalfCyc_16": 1,
  "reserved3_16": 0,
  "prMes_17": 33802540.173783116,
  "cpMes_17": 176018791.85598937,
  "doMes_17": -1032.255615234375,
  "gnssId_17": 3,
  "svId_17": 6,
  "sigId_17": 0,
  "freqId_17": 0,
  "locktime_17": 64500,
  "cno_17": 36,
  "prStd_17": 5,
  "cpStd_17": 3,
  "doStd_17": 8,
  "prValid_17": 1,
  "cpValid_17": 1,
  "halfCyc_17": 1,
  "subHalfCyc_17": 1,
  "reserved3_17": 0,
  "prMes_18": 17079820.563691072,
  "cpMes_18": 91173427.06306544,
  "doMes_18": 376.3083190917969,
  "gnssId_18": 6,
  "svId_18": 22,
  "sigId_18": 0,
  "freqId_18": 4,
  "locktime_18": 64500,
  "cno_18": 50,
  "prStd_18": 5,
  "cpStd_18": 1,
  "doStd_18": 5,
  "prValid_18": 1,
  "cpValid_18": 1,
  "halfCyc_18": 1,
  "subHalfCyc_18": 1,
  "reserved3_18": 0,
  "prMes_19": 18690412.041269004,
  "cpMes_19": 99840778.87377387,
  "doMes_19": 1519.6702880859375,
  "gnssId_19": 6,
  "svId_19": 12,
  "sigId_19": 0,
  "freqId_19": 6,
  "locktime_19": 64500,
  "cno_19": 51,
  "prStd_19": 5,
  "cpStd_19": 1,
  "doStd_19": 5,
  "prValid_19": 1,
  "cpValid_19": 1,
  "halfCyc_19": 1,
  "subHalfCyc_19": 1,
  "reserved3_19": 0,
  "prMes_20": 18953565.190575358,
  "cpMes_20": 101424691.90503988,
  "doMes_20": -3297.79296875,
  "gnssId_20": 6,
  "svId_20": 21,
  "sigId_20": 0,
  "freqId_20": 11,
  "locktime_20": 64500,
  "cno_20": 49,
  "prStd_20": 5,
  "cpStd_20": 1,
  "doStd_20": 4,
  "prValid_20": 1,
  "cpValid_20": 1,
  "halfCyc_20": 1,
  "subHalfCyc_20": 0,
  "reserved3_20": 0,
  "prMes_21": 23258777.661523618,
  "cpMes_21": 122225783.91208124,
  "doMes_21": -2507.982666015625,
  "gnssId_21": 0,
  "svId_21": 16,
  "sigId_21": 0,
  "freqId_21": 0,
  "locktime_21": 64500,
  "cno_21": 26,
  "prStd_21": 6,
  "cpStd_21": 9,