{
  "start_time": "2023-09-21 00:28:05",
  "rcvTow": 318500.992,
  "week": 2280,
  "leapS": 18,
  "numMeas": 52,
  "leapSec": 1,
  "clkReset": 0,
  "reserved1": 1155329,
  "prMes_01": 23846699.563889854,
  "cpMes_01": 125315375.42776754,
  "doMes_01": -1294.18505859375,
  "gnssId_01": 2,
  "svId_01": 31,
  "sigId_01": 0,
  "freqId_01": 0,
  "locktime_01": 64500,
  "cno_01": 43,
  "prStd_01": 4,
  "cpStd_01": 1,
  "doStd_01": 6,
  "prValid_01": 1,
  "cpValid_01": 1,
  "halfCyc_01": 1,
  "subHalfCyc_01": 0,
  "reserved3_01": 0,
  "prMes_02": 35024500.83613334,
  "cpMes_02": 184055041.6955305,
  "doMes_02": -652.200439453125,
  "gnssId_02": 5,
  "svId_02": 4,
  "sigId_02": 0,
  "freqId_02": 0,
  "locktime_02": 64500,
  "cno_02": 43,
  "prStd_02": 3,
  "cpStd_02": 1,
  "doStd_02": 6,
  "prValid_02": 1,
  "cpValid_02": 1,
  "halfCyc_02": 1,
  "subHalfCyc_02": 1,
  "reserved3_02": 0,
  "prMes_03": 18194348.81837366,
  "cpMes_03": 95611933.87226245,
  "doMes_03": 1026.1591796875,
  "gnssId_03": 0,
  "svId_03": 7,
  "sigId_03": 0,
  "freqId_03": 0,
  "locktime_03": 64500,
  "cno_03": 36,
  "prStd_03": 5,
  "cpStd_03": 3,
  "doStd_03": 7,
  "prValid_03": 1,
  "cpValid_03": 1,
  "halfCyc_03": 1,
  "subHalfCyc_03": 1,
  "reserved3_03": 0,
  "prMes_04": 22116459.36401094,
  "cpMes_04": 116222736.58834803,
  "doMes_04": -141.386474609375,
  "gnssId_04": 2,
  "svId_04": 24,
  "sigId_04": 0,
  "freqId_04": 0,
  "locktime_04": 64500,
  "cno_04": 44,
  "prStd_04": 4,
  "cpStd_04": 1,
  "doStd_04": 6,
  "prValid_04": 1,
  "cpValid_04": 1,
  "halfCyc_04": 1,
  "subHalfCyc_04": 0,
  "reserved3_04": 0,
  "prMes_05": 34498524.11038504,
  "cpMes_05": 179642950.21225956,
  "doMes_05": -1321.279296875,
  "gnssId_05": 3,
  "svId_05": 16,
  "sigId_05": 0,
  "freqId_05": 0,
  "locktime_05": 64500,
  "cno_05": 36,
  "prStd_05": 5,
  "cpStd_05": 3,
  "doStd_05": 8,
  "prValid_05": 1,
  "cpValid_05": 1,
  "halfCyc_05": 1,
  "subHalfCyc_05": 1,
  "reserved3_05": 0,
  "prMes_06": 19905685.233047783,
  "cpMes_06": 103654153.73859279,
  "doMes_06": -1784.33837890625,
  "gnssId_06": 3,
  "svId_06": 29,
  "sigId_06": 0,
  "freqId_06": 0,
  "locktime_06": 64500,
  "cno_06": 45,
  "prStd_06": 3,
  "cpStd_06": 1,
  "doStd_06": 6,
  "prValid_06": 1,
  "cpValid_06": 1,
  "halfCyc_06": 1,
  "subHalfCyc_06": 1,
  "reserved3_06": 0,
  "prMes_07": 35193908.8164913,
  "cpMes_07": 183263977.28712875,
  "doMes_07": -1595.31201171875,
  "gnssId_07": 3,
  "svId_07": 39,
  "sigId_07": 0,
  "freqId_07": 0,
  "locktime_07": 64500,
  "cno_07": 33,
  "prStd_07": 5,
  "cpStd_07": 5,
  "doStd_07": 8,
  "prValid_07": 1,
  "cpValid_07": 1,
  "halfCyc_07": 1,
  "subHalfCyc_07": 1,
  "reserved3_07": 0,
  "prMes_08": 34527868.699751064,
  "cpMes_08": 179796027.00057876,
  "doMes_08": -857.206787109375,
  "gnssId_08": 3,
  "svId_08": 40,
  "sigId_08": 0,
  "freqId_08": 0,
  "locktime_08": 64500,
  "cno_08": 48,
  "prStd_08": 3,
  "cpStd_08": 1,
  "doStd_08": 5,
  "prValid_08": 1,
  "cpValid_08": 1,
  "halfCyc_08": 1,
  "subHalfCyc_08": 0,
  "reserved3_08": 0,
  "prMes_09": 34520643.55631584,
  "cpMes_09": 179758032.0534378,
  "doMes_09": -561.0322265625,
  "gnssId_09": 3,
  "svId_09": 10,
  "sigId_09": 0,
  "freqId_09": 0,
  "locktime_09": 64500,
  "cno_09": 29,
  "prStd_09": 5,
  "cpStd_09": 5,
  "doStd_09": 7,
  "prValid_09": 1,
  "cpValid_09": 1,
  "halfCyc_09": 1,
  "subHalfCyc_09": 1,
  "reserved3_09": 0,
  "prMes_10": 33486631.86244732,
  "cpMes_10": 174373778.43809304,
  "doMes_10": -766.064453125,
  "gnssId_10": 3,
  "svId_10": 9,
  "sigId_10": 0,
  "freqId_10": 0,
  "locktime_10": 64500,
  "cno_10": 33,
  "prStd_10": 6,
  "cpStd_10": 5,
  "doStd_10": 8,
  "prValid_10": 1,
  "cpValid_10": 1,
  "halfCyc_10": 1,
  "subHalfCyc_10": 1,
  "reserved3_10": 0,
  "prMes_11": 19071319.41841685,
  "cpMes_11": 101911347.78294317,
  "doMes_11": -1366.007080078125,
  "gnssId_11": 6,
  "svId_11": 11,
  "sigId_11": 0,
  "freqId_11": 7,
  "locktime_11": 64500,
  "cno_11": 51,
  "prStd_11": 5,
  "cpStd_11": 1,
  "doStd_11": 4,
  "prValid_11": 1,
  "cpValid_11": 1,
  "halfCyc_11": 1,
  "subHalfCyc_11": 1,
  "reserved3_11": 0,
  "prMes_12": 20173013.804145705,
  "cpMes_12": 107609209.41976884,
  "doMes_12": -4010.6201171875,
  "gnssId_12": 6,
  "svId_12": 255,
  "sigId_12": 0,
  "freqId_12": 2,
  "locktime_12": 19000,
  "cno_12": 39,
  "prStd_12": 6,
  "cpStd_12": 2,
  "doStd_12": 7,
  "prValid_12": 1,
  "cpValid_12": 1,
  "halfCyc_12": 1,
  "subHalfCyc_12": 1,
  "reserved3_12": 0,
  "prMes_13": 18679196.85990819,
  "cpMes_13": 99921107.0784339,
  "doMes_13": 3222.061767578125,
  "gnssId_13": 6,
  "svId_13": 23,
  "sigId_13": 0,
  "freqId_13": 10,
  "locktime_13": 0,
  "cno_13": 23,
  "prStd_13": 10,
  "cpStd_13": 15,
  "doStd_13": 12,
  "prValid_13": 1,
  "cpValid_13": 0,
  "halfCyc_13": 0,
  "subHalfCyc_13": 0,
  "reserved3_13": 0,
  "prMes_14": 21206124.51821381,
  "cpMes_14": 113159943.12998524,
  "doMes_14": -2712.206298828125,
  "gnssId_14": 6,
  "svId_14": 2,
  "sigId_14": 0,
  "freqId_14": 3,
  "locktime_14": 0,
  "cno_14": 24,
  "prStd_14": 10,
  "cpStd_14": 15,
  "doStd_14": 12,
  "prValid_14": 1,
  "cpValid_14": 0,
  "halfCyc_14": 0,
  "subHalfCyc_14": 0,
  "reserved3_14": 0,
  "prMes_15": 19640897.296394944,
  "cpMes_15": 103213607.48023161,
  "doMes_15": -3025.76806640625,
  "gnssId_15": 0,
  "svId_15": 8,
  "sigId_15": 0,
  "freqId_15": 0,
  "locktime_15": 64500,
  "cno_15": 45,
  "prStd_15": 3,
  "cpStd_15": 1,
  "doStd_15": 5,
  "prValid_15": 1,
  "cpValid_15": 1,
  "halfCyc_15": 1,
  "subHalfCyc_15": 1,
  "reserved3_15": 0,
  "prMes_16": 36501428.97833267,
  "cpMes_16": 191816618.83371326,
  "doMes_16": -894.024658203125,
  "gnssId_16": 5,
  "svId_16": 3,
  "sigId_16": 0,
  "freqId_16": 0,
  "locktime_16": 64500,
  "cno_16": 45,
  "prStd_16": 3,
  "cpStd_16": 1,
  "doStd_16": 6,
  "prValid_16": 1,
  "cpValid_16": 1,
  "halfCyc_16": 1,
  "subHalfCyc_16": 1,
  "reserved3_16": 0,
  "prMes_17": 34827192.96945177,
  "cpMes_17": 183018142.30344906,
  "doMes_17": -334.166748046875,
  "gnssId_17": 5,
  "svId_17": 7,
  "sigId_17": 0,
  "freqId_17": 0,
  "locktime_17": 64500,
  "cno_17": 32,
  "prStd_17": 6,
  "cpStd_17": 5,
  "doStd_17": 8,
  "prValid_17": 1,
  "cpValid_17": 1,
  "halfCyc_17": 1,
  "subHalfCyc_17": 0,
  "reserved3_17": 0,
  "prMes_18": 22349348.179293152,
  "cpMes_18": 117446782.32781781,
  "doMes_18": 122.53612518310547,
  "gnssId_18": 2,
  "svId_18": 12,
  "sigId_18": 0,
  "freqId_18": 0,
  "locktime_18": 64500,
  "cno_18": 40,
  "prStd_18": 4,
  "cpStd_18": 2,
  "doStd_18": 7,
  "prValid_18": 1,
  "cpValid_18": 1,
  "halfCyc_18": 1,
  "subHalfCyc_18": 0,
  "reserved3_18": 0,
  "prMes_19": 34142505.26622892,
  "cpMes_19": 177789172.40362266,
  "doMes_19": -621.99462890625,
  "gnssId_19": 3,
  "svId_19": 7,
  "sigId_19": 0,
  "freqId_19": 0,
  "locktime_19": 64500,
  "cno_19": 43,
  "prStd_19": 3,
  "cpStd_19": 1,
  "doStd_19": 6,
  "prValid_19": 1,
  "cpValid_19": 1,
  "halfCyc_19": 1,
  "subHalfCyc_19": 1,
  "reserved3_19": 0,
  "prMes_20": 34080965.09737709,
  "cpMes_20": 177468620.1770013,
  "doMes_20": -1233.621826171875,
  "gnssId_20": 3,
  "svId_20": 6,
  "sigId_20": 0,
  "freqId_20": 0,
  "locktime_20": 64500,
  "cno_20": 31,
  "prStd_20": 6,
  "cpStd_20": 5,
  "doStd_20": 8,
  "prValid_20": 1,
  "cpValid_20": 1,
  "halfCyc_20": 1,
  "subHalfCyc_20": 1,
  "reserved3_20": 0,
  "prMes_21": 17127877.57729389,
  "cpMes_21": 91429961.96627222,
  "doMes_21": -776.7011108398438,
  "gnssId_21": 6,
  "svId_21": 22,
  "sigId_21": 0,
  "freqId_21": 4,
  "locktime_21": 64500,
  "cno_21": 45,
  "prStd_21": 5,
  "cpStd_21": 1,
  "doStd_21": 6,