{
  "start_time": "2023-09-21 00:16:44",
  "rcvTow": 317819.992,
  "week": 2280,
  "leapS": 18,
  "numMeas": 50,
  "leapSec": 1,
  "clkReset": 0,
  "reserved1": 11368705,
  "prMes_01": 23680271.300771255,
  "cpMes_01": 124440790.2124802,
  "doMes_01": -1276.001708984375,
  "gnssId_01": 2,
  "svId_01": 31,
  "sigId_01": 0,
  "freqId_01": 0,
  "locktime_01": 64500,
  "cno_01": 43,
  "prStd_01": 4,
  "cpStd_01": 1,
  "doStd_01": 6,
  "prValid_01": 1,
  "cpValid_01": 1,
  "halfCyc_01": 1,
  "subHalfCyc_01": 0,
  "reserved3_01": 0,
  "prMes_02": 20119382.643462438,
  "cpMes_02": 105728069.19747794,
  "doMes_02": 2526.81103515625,
  "gnssId_02": 0,
  "svId_02": 30,
  "sigId_02": 0,
  "freqId_02": 0,
  "locktime_02": 0,
  "cno_02": 24,
  "prStd_02": 8,
  "cpStd_02": 15,
  "doStd_02": 10,
  "prValid_02": 1,
  "cpValid_02": 0,
  "halfCyc_02": 0,
  "subHalfCyc_02": 0,
  "reserved3_02": 0,
  "prMes_03": 34938368.78103798,
  "cpMes_03": 183602407.28226894,
  "doMes_03": -676.5732421875,
  "gnssId_03": 5,
  "svId_03": 4,
  "sigId_03": 0,
  "freqId_03": 0,
  "locktime_03": 64500,
  "cno_03": 43,
  "prStd_03": 3,
  "cpStd_03": 1,
  "doStd_03": 6,
  "prValid_03": 1,
  "cpValid_03": 1,
  "halfCyc_03": 1,
  "subHalfCyc_03": 1,
  "reserved3_03": 0,
  "prMes_04": 18348844.550288167,
  "cpMes_04": 96423816.83018601,
  "doMes_04": 1351.59912109375,
  "gnssId_04": 0,
  "svId_04": 7,
  "sigId_04": 0,
  "freqId_04": 0,
  "locktime_04": 64500,
  "cno_04": 34,
  "prStd_04": 6,
  "cpStd_04": 6,
  "doStd_04": 9,
  "prValid_04": 1,
  "cpValid_04": 1,
  "halfCyc_04": 1,
  "subHalfCyc_04": 1,
  "reserved3_04": 0,
  "prMes_05": 22097926.08189464,
  "cpMes_05": 116125343.68061244,
  "doMes_05": -145.151123046875,
  "gnssId_05": 2,
  "svId_05": 24,
  "sigId_05": 0,
  "freqId_05": 0,
  "locktime_05": 64500,
  "cno_05": 47,
  "prStd_05": 3,
  "cpStd_05": 1,
  "doStd_05": 5,
  "prValid_05": 1,
  "cpValid_05": 1,
  "halfCyc_05": 1,
  "subHalfCyc_05": 0,
  "reserved3_05": 0,
  "prMes_06": 34332482.58771709,
  "cpMes_06": 178778333.82006678,
  "doMes_06": -1217.460693359375,
  "gnssId_06": 3,
  "svId_06": 16,
  "sigId_06": 0,
  "freqId_06": 0,
  "locktime_06": 64500,
  "cno_06": 37,
  "prStd_06": 5,
  "cpStd_06": 3,
  "doStd_06": 7,
  "prValid_06": 1,
  "cpValid_06": 1,
  "halfCyc_06": 1,
  "subHalfCyc_06": 1,
  "reserved3_06": 0,
  "prMes_07": 19691838.55451324,
  "cpMes_07": 102540594.59651726,
  "doMes_07": -1481.17919921875,
  "gnssId_07": 3,
  "svId_07": 29,
  "sigId_07": 0,
  "freqId_07": 0,
  "locktime_07": 64500,
  "cno_07": 47,
  "prStd_07": 3,
  "cpStd_07": 1,
  "doStd_07": 5,
  "prValid_07": 1,
  "cpValid_07": 1,
  "halfCyc_07": 1,
  "subHalfCyc_07": 1,
  "reserved3_07": 0,
  "prMes_08": 34990842.982710384,
  "cpMes_08": 182206563.69084647,
  "doMes_08": -1509.41943359375,
  "gnssId_08": 3,
  "svId_08": 39,
  "sigId_08": 0,
  "freqId_08": 0,
  "locktime_08": 64500,
  "cno_08": 34,
  "prStd_08": 5,
  "cpStd_08": 4,
  "doStd_08": 8,
  "prValid_08": 1,
  "cpValid_08": 1,
  "halfCyc_08": 1,
  "subHalfCyc_08": 1,
  "reserved3_08": 0,
  "prMes_09": 34413936.07952265,
  "cpMes_09": 179202748.76470253,
  "doMes_09": -883.514892578125,
  "gnssId_09": 3,
  "svId_09": 40,
  "sigId_09": 0,
  "freqId_09": 0,
  "locktime_09": 64500,
  "cno_09": 47,
  "prStd_09": 3,
  "cpStd_09": 1,
  "doStd_09": 5,
  "prValid_09": 1,
  "cpValid_09": 1,
  "halfCyc_09": 1,
  "subHalfCyc_09": 0,
  "reserved3_09": 0,
  "prMes_10": 34446165.10800462,
  "cpMes_10": 179370220.55188304,
  "doMes_10": -576.69921875,
  "gnssId_10": 3,
  "svId_10": 10,
  "sigId_10": 0,
  "freqId_10": 0,
  "locktime_10": 0,
  "cno_10": 25,
  "prStd_10": 8,
  "cpStd_10": 15,
  "doStd_10": 10,
  "prValid_10": 1,
  "cpValid_10": 0,
  "halfCyc_10": 0,
  "subHalfCyc_10": 0,
  "reserved3_10": 0,
  "prMes_11": 33394114.932245806,
  "cpMes_11": 173892020.78373477,
  "doMes_11": -648.724365234375,
  "gnssId_11": 3,
  "svId_11": 9,
  "sigId_11": 0,
  "freqId_11": 0,
  "locktime_11": 64500,
  "cno_11": 34,
  "prStd_11": 5,
  "cpStd_11": 4,
  "doStd_11": 8,
  "prValid_11": 1,
  "cpValid_11": 1,
  "halfCyc_11": 1,
  "subHalfCyc_11": 1,
  "reserved3_11": 0,
  "prMes_12": 18913205.19727629,
  "cpMes_12": 101066434.98159645,
  "doMes_12": -1119.393310546875,
  "gnssId_12": 6,
  "svId_12": 11,
  "sigId_12": 0,
  "freqId_12": 7,
  "locktime_12": 64500,
  "cno_12": 50,
  "prStd_12": 5,
  "cpStd_12": 1,
  "doStd_12": 4,
  "prValid_12": 1,
  "cpValid_12": 1,
  "halfCyc_12": 1,
  "subHalfCyc_12": 1,
  "reserved3_12": 0,
  "prMes_13": 19110823.509946175,
  "cpMes_13": 102230019.1035971,
  "doMes_13": 3547.17236328125,
  "gnssId_13": 6,
  "svId_13": 23,
  "sigId_13": 0,
  "freqId_13": 10,
  "locktime_13": 0,
  "cno_13": 26,
  "prStd_13": 9,
  "cpStd_13": 15,
  "doStd_13": 10,
  "prValid_13": 1,
  "cpValid_13": 0,
  "halfCyc_13": 0,
  "subHalfCyc_13": 0,
  "reserved3_13": 0,
  "prMes_14": 20873676.756975282,
  "cpMes_14": 111385938.3795114,
  "doMes_14": -2485.4775390625,
  "gnssId_14": 6,
  "svId_14": 2,
  "sigId_14": 0,
  "freqId_14": 3,
  "locktime_14": 0,
  "cno_14": 13,
  "prStd_14": 10,
  "cpStd_14": 15,
  "doStd_14": 12,
  "prValid_14": 1,
  "cpValid_14": 0,
  "halfCyc_14": 0,
  "subHalfCyc_14": 0,
  "reserved3_14": 0,
  "prMes_15": 19256847.442112934,
  "cpMes_15": 101195412.14589952,
  "doMes_15": -2893.75146484375,
  "gnssId_15": 0,
  "svId_15": 8,
  "sigId_15": 0,
  "freqId_15": 0,
  "locktime_15": 64500,
  "cno_15": 46,
  "prStd_15": 3,
  "cpStd_15": 1,
  "doStd_15": 5,
  "prValid_15": 1,
  "cpValid_15": 1,
  "halfCyc_15": 1,
  "subHalfCyc_15": 1,
  "reserved3_15": 0,
  "prMes_16": 36387505.76426022,
  "cpMes_16": 191217945.41158494,
  "doMes_16": -863.372802734375,
  "gnssId_16": 5,
  "svId_16": 3,
  "sigId_16": 0,
  "freqId_16": 0,
  "locktime_16": 64500,
  "cno_16": 44,
  "prStd_16": 3,
  "cpStd_16": 1,
  "doStd_16": 6,
  "prValid_16": 1,
  "cpValid_16": 1,
  "halfCyc_16": 1,
  "subHalfCyc_16": 1,
  "reserved3_16": 0,
  "prMes_17": 34783841.18314126,
  "cpMes_17": 182790325.22737208,
  "doMes_17": -334.381103515625,
  "gnssId_17": 5,
  "svId_17": 7,
  "sigId_17": 0,
  "freqId_17": 0,
  "locktime_17": 64500,
  "cno_17": 31,
  "prStd_17": 6,
  "cpStd_17": 5,
  "doStd_17": 8,
  "prValid_17": 1,
  "cpValid_17": 1,
  "halfCyc_17": 1,
  "subHalfCyc_17": 0,
  "reserved3_17": 0,
  "prMes_18": 22385685.530755606,
  "cpMes_18": 117637733.6689342,
  "doMes_18": 436.535400390625,
  "gnssId_18": 2,
  "svId_18": 12,
  "sigId_18": 0,
  "freqId_18": 0,
  "locktime_18": 64500,
  "cno_18": 37,
  "prStd_18": 4,
  "cpStd_18": 3,
  "doStd_18": 7,
  "prValid_18": 1,
  "cpValid_18": 1,
  "halfCyc_18": 1,
  "subHalfCyc_18": 0,
  "reserved3_18": 0,
  "prMes_19": 34059737.39687068,
  "cpMes_19": 177358178.92980677,
  "doMes_19": -642.55615234375,
  "gnssId_19": 3,
  "svId_19": 7,
  "sigId_19": 0,
  "freqId_19": 0,
  "locktime_19": 64500,
  "cno_19": 42,
  "prStd_19": 3,
  "cpStd_19": 1,
  "doStd_19": 6,
  "prValid_19": 1,
  "cpValid_19": 1,
  "halfCyc_19": 1,
  "subHalfCyc_19": 1,
  "reserved3_19": 0,
  "prMes_20": 33926535.85686485,
  "cpMes_20": 176664464.87239373,
  "doMes_20": -1127.410888671875,
  "gnssId_20": 3,
  "svId_20": 6,
  "sigId_20": 0,
  "freqId_20": 0,
  "locktime_20": 64500,
  "cno_20": 36,
  "prStd_20": 5,
  "cpStd_20": 3,
  "doStd_20": 7,
  "prValid_20": 1,
  "cpValid_20": 1,
  "halfCyc_20": 1,
  "subHalfCyc_20": 1,
  "reserved3_20": 0,
  "prMes_21": 17067819.29740552,
  "cpMes_21": 91109362.51272525,
  "doMes_21": -162.86790466308594,
  "gnssId_21": 6,
  "svId_21": 22,
  "sigId_21": 0,
  "freqId_21": 4,
  "locktime_21": 64500,
  "cno_21": 47,
  "prStd_21": 5,
  "cpStd_21": 1,
  "doStd_21": 5,