{
  "start_time": "2023-09-21 00:23:34",
  "rcvTow": 318229.992,
  "week": 2280,
  "leapS": 18,
  "numMeas": 50,
  "leapSec": 1,
  "clkReset": 0,
  "reserved1": 15665409,
  "prMes_01": 23780183.771805573,
  "cpMes_01": 124965832.36596726,
  "doMes_01": -1285.549072265625,
  "gnssId_01": 2,
  "svId_01": 31,
  "sigId_01": 0,
  "freqId_01": 0,
  "locktime_01": 64500,
  "cno_01": 44,
  "prStd_01": 4,
  "cpStd_01": 1,
  "doStd_01": 6,
  "prValid_01": 1,
  "cpValid_01": 1,
  "halfCyc_01": 1,
  "subHalfCyc_01": 0,
  "reserved3_01": 0,
  "prMes_02": 34990603.705948584,
  "cpMes_02": 183876909.10001916,
  "doMes_02": -661.997314453125,
  "gnssId_02": 5,
  "svId_02": 4,
  "sigId_02": 0,
  "freqId_02": 0,
  "locktime_02": 64500,
  "cno_02": 43,
  "prStd_02": 3,
  "cpStd_02": 1,
  "doStd_02": 6,
  "prValid_02": 1,
  "cpValid_02": 1,
  "halfCyc_02": 1,
  "subHalfCyc_02": 1,
  "reserved3_02": 0,
  "prMes_03": 18250764.35588576,
  "cpMes_03": 95908397.06908402,
  "doMes_03": 1160.250732421875,
  "gnssId_03": 0,
  "svId_03": 7,
  "sigId_03": 0,
  "freqId_03": 0,
  "locktime_03": 64500,
  "cno_03": 36,
  "prStd_03": 5,
  "cpStd_03": 3,
  "doStd_03": 8,
  "prValid_03": 1,
  "cpValid_03": 1,
  "halfCyc_03": 1,
  "subHalfCyc_03": 1,
  "reserved3_03": 0,
  "prMes_04": 22109137.78550722,
  "cpMes_04": 116184262.21027738,
  "doMes_04": -142.32080078125,
  "gnssId_04": 2,
  "svId_04": 24,
  "sigId_04": 0,
  "freqId_04": 0,
  "locktime_04": 64500,
  "cno_04": 45,
  "prStd_04": 3,
  "cpStd_04": 1,
  "doStd_04": 5,
  "prValid_04": 1,
  "cpValid_04": 1,
  "halfCyc_04": 1,
  "subHalfCyc_04": 0,
  "reserved3_04": 0,
  "prMes_05": 34430832.26925229,
  "cpMes_05": 179290461.97631368,
  "doMes_05": -1280.05224609375,
  "gnssId_05": 3,
  "svId_05": 16,
  "sigId_05": 0,
  "freqId_05": 0,
  "locktime_05": 64500,
  "cno_05": 37,
  "prStd_05": 5,
  "cpStd_05": 3,
  "doStd_05": 7,
  "prValid_05": 1,
  "cpValid_05": 1,
  "halfCyc_05": 1,
  "subHalfCyc_05": 1,
  "reserved3_05": 0,
  "prMes_06": 19815850.53861117,
  "cpMes_06": 103186362.22265716,
  "doMes_06": -1667.125732421875,
  "gnssId_06": 3,
  "svId_06": 29,
  "sigId_06": 0,
  "freqId_06": 0,
  "locktime_06": 64500,
  "cno_06": 45,
  "prStd_06": 3,
  "cpStd_06": 1,
  "doStd_06": 6,
  "prValid_06": 1,
  "cpValid_06": 1,
  "halfCyc_06": 1,
  "subHalfCyc_06": 1,
  "reserved3_06": 0,
  "prMes_07": 35111770.0457704,
  "cpMes_07": 182836258.01211977,
  "doMes_07": -1561.77734375,
  "gnssId_07": 3,
  "svId_07": 39,
  "sigId_07": 0,
  "freqId_07": 0,
  "locktime_07": 64500,
  "cno_07": 32,
  "prStd_07": 5,
  "cpStd_07": 5,
  "doStd_07": 8,
  "prValid_07": 1,
  "cpValid_07": 1,
  "halfCyc_07": 1,
  "subHalfCyc_07": 1,
  "reserved3_07": 0,
  "prMes_08": 34482946.53302692,
  "cpMes_08": 179562105.40787783,
  "doMes_08": -868.7493286132812,
  "gnssId_08": 3,
  "svId_08": 40,
  "sigId_08": 0,
  "freqId_08": 0,
  "locktime_08": 64500,
  "cno_08": 48,
  "prStd_08": 3,
  "cpStd_08": 1,
  "doStd_08": 5,
  "prValid_08": 1,
  "cpValid_08": 1,
  "halfCyc_08": 1,
  "subHalfCyc_08": 0,
  "reserved3_08": 0,
  "prMes_09": 34491251.425087996,
  "cpMes_09": 179604982.8597296,
  "doMes_09": -568.411865234375,
  "gnssId_09": 3,
  "svId_09": 10,
  "sigId_09": 0,
  "freqId_09": 0,
  "locktime_09": 64500,
  "cno_09": 28,
  "prStd_09": 7,
  "cpStd_09": 7,
  "doStd_09": 8,
  "prValid_09": 1,
  "cpValid_09": 1,
  "halfCyc_09": 1,
  "subHalfCyc_09": 1,
  "reserved3_09": 0,
  "prMes_10": 33447978.449960805,
  "cpMes_10": 174172500.52524248,
  "doMes_10": -719.62890625,
  "gnssId_10": 3,
  "svId_10": 9,
  "sigId_10": 0,
  "freqId_10": 0,
  "locktime_10": 64500,
  "cno_10": 34,
  "prStd_10": 5,
  "cpStd_10": 4,
  "doStd_10": 8,
  "prValid_10": 1,
  "cpValid_10": 1,
  "halfCyc_10": 1,
  "subHalfCyc_10": 1,
  "reserved3_10": 0,
  "prMes_11": 19004617.6259973,
  "cpMes_11": 101554912.82889387,
  "doMes_11": -1264.82177734375,
  "gnssId_11": 6,
  "svId_11": 11,
  "sigId_11": 0,
  "freqId_11": 7,
  "locktime_11": 64500,
  "cno_11": 50,
  "prStd_11": 5,
  "cpStd_11": 1,
  "doStd_11": 5,
  "prValid_11": 1,
  "cpValid_11": 1,
  "halfCyc_11": 1,
  "subHalfCyc_11": 1,
  "reserved3_11": 0,
  "prMes_12": 19972057.82244502,
  "cpMes_12": 106537261.21167731,
  "doMes_12": -3898.186767578125,
  "gnssId_12": 6,
  "svId_12": 255,
  "sigId_12": 0,
  "freqId_12": 2,
  "locktime_12": 18000,
  "cno_12": 41,
  "prStd_12": 5,
  "cpStd_12": 2,
  "doStd_12": 7,
  "prValid_12": 1,
  "cpValid_12": 1,
  "halfCyc_12": 1,
  "subHalfCyc_12": 0,
  "reserved3_12": 0,
  "prMes_13": 18845963.353826553,
  "cpMes_13": 100813195.56198569,
  "doMes_13": 3363.929443359375,
  "gnssId_13": 6,
  "svId_13": 23,
  "sigId_13": 0,
  "freqId_13": 10,
  "locktime_13": 0,
  "cno_13": 20,
  "prStd_13": 10,
  "cpStd_13": 15,
  "doStd_13": 12,
  "prValid_13": 1,
  "cpValid_13": 0,
  "halfCyc_13": 0,
  "subHalfCyc_13": 0,
  "reserved3_13": 0,
  "prMes_14": 19486041.750413764,
  "cpMes_14": 102399835.37239791,
  "doMes_14": -2978.47021484375,
  "gnssId_14": 0,
  "svId_14": 8,
  "sigId_14": 0,
  "freqId_14": 0,
  "locktime_14": 64500,
  "cno_14": 47,
  "prStd_14": 3,
  "cpStd_14": 1,
  "doStd_14": 5,
  "prValid_14": 1,
  "cpValid_14": 1,
  "halfCyc_14": 1,
  "subHalfCyc_14": 1,
  "reserved3_14": 0,
  "prMes_15": 36455619.12768742,
  "cpMes_15": 191575885.66814044,
  "doMes_15": -882.2998046875,
  "gnssId_15": 5,
  "svId_15": 3,
  "sigId_15": 0,
  "freqId_15": 0,
  "locktime_15": 64500,
  "cno_15": 44,
  "prStd_15": 3,
  "cpStd_15": 1,
  "doStd_15": 6,
  "prValid_15": 1,
  "cpValid_15": 1,
  "halfCyc_15": 1,
  "subHalfCyc_15": 1,
  "reserved3_15": 0,
  "prMes_16": 34809941.709601834,
  "cpMes_16": 182927489.16377944,
  "doMes_16": -334.269775390625,
  "gnssId_16": 5,
  "svId_16": 7,
  "sigId_16": 0,
  "freqId_16": 0,
  "locktime_16": 64500,
  "cno_16": 31,
  "prStd_16": 6,
  "cpStd_16": 5,
  "doStd_16": 8,
  "prValid_16": 1,
  "cpValid_16": 1,
  "halfCyc_16": 1,
  "subHalfCyc_16": 0,
  "reserved3_16": 0,
  "prMes_17": 22358921.43219413,
  "cpMes_17": 117497090.79763472,
  "doMes_17": 248.632568359375,
  "gnssId_17": 2,
  "svId_17": 12,
  "sigId_17": 0,
  "freqId_17": 0,
  "locktime_17": 64500,
  "cno_17": 38,
  "prStd_17": 4,
  "cpStd_17": 2,
  "doStd_17": 7,
  "prValid_17": 1,
  "cpValid_17": 1,
  "halfCyc_17": 1,
  "subHalfCyc_17": 0,
  "reserved3_17": 0,
  "prMes_18": 34109888.69556349,
  "cpMes_18": 177619330.64576212,
  "doMes_18": -631.0009765625,
  "gnssId_18": 3,
  "svId_18": 7,
  "sigId_18": 0,
  "freqId_18": 0,
  "locktime_18": 64500,
  "cno_18": 42,
  "prStd_18": 3,
  "cpStd_18": 1,
  "doStd_18": 6,
  "prValid_18": 1,
  "cpValid_18": 1,
  "halfCyc_18": 1,
  "subHalfCyc_18": 1,
  "reserved3_18": 0,
  "prMes_19": 34017836.80103078,
  "cpMes_19": 177139897.1702675,
  "doMes_19": -1191.783447265625,
  "gnssId_19": 3,
  "svId_19": 6,
  "sigId_19": 0,
  "freqId_19": 0,
  "locktime_19": 64500,
  "cno_19": 33,
  "prStd_19": 5,
  "cpStd_19": 4,
  "doStd_19": 8,
  "prValid_19": 1,
  "cpValid_19": 1,
  "halfCyc_19": 1,
  "subHalfCyc_19": 1,
  "reserved3_19": 0,
  "prMes_20": 17094596.131833907,
  "cpMes_20": 91252300.89882372,
  "doMes_20": -533.7597045898438,
  "gnssId_20": 6,
  "svId_20": 22,
  "sigId_20": 0,
  "freqId_20": 4,
  "locktime_20": 64500,
  "cno_20": 47,
  "prStd_20": 5,
  "cpStd_20": 1,
  "doStd_20": 5,
  "prValid_20": 1,
  "cpValid_20": 1,
  "halfCyc_20": 1,
  "subHalfCyc_20": 1,
  "reserved3_20": 0,
  "prMes_21": 18410509.38165399,
  "cpMes_21": 98345591.9343187,
  "doMes_21": 1433.447265625,
  "gnssId_21": 6,
  "svId_21": 12,
  "sigId_21": 0,
  "freqId_21": 6,
  "locktime_21": 64500,
  "cno_21": 51,
  "prStd_21": 5,
  "cpStd_21": 1,
  "doStd_21": 4,