{
  "start_time": "2023-09-21 00:48:29",
  "rcvTow": 319724.993,
  "week": 2280,
  "leapS": 18,
  "numMeas": 52,
  "leapSec": 1,
  "clkReset": 0,
  "reserved1": 12509697,
  "prMes_01": 24154887.32227262,
  "cpMes_01": 126934905.30178267,
  "doMes_01": -1359.2332763671875,
  "gnssId_01": 2,
  "svId_01": 31,
  "sigId_01": 0,
  "freqId_01": 0,
  "locktime_01": 64500,
  "cno_01": 43,
  "prStd_01": 4,
  "cpStd_01": 2,
  "doStd_01": 6,
  "prValid_01": 1,
  "cpValid_01": 1,
  "halfCyc_01": 1,
  "subHalfCyc_01": 0,
  "reserved3_01": 0,
  "prMes_02": 19305744.42425008,
  "cpMes_02": 101452387.86278531,
  "doMes_02": 1904.2210693359375,
  "gnssId_02": 0,
  "svId_02": 30,
  "sigId_02": 0,
  "freqId_02": 0,
  "locktime_02": 64500,
  "cno_02": 32,
  "prStd_02": 6,
  "cpStd_02": 5,
  "doStd_02": 8,
  "prValid_02": 1,
  "cpValid_02": 1,
  "halfCyc_02": 1,
  "subHalfCyc_02": 0,
  "reserved3_02": 0,
  "prMes_03": 35171201.81299974,
  "cpMes_03": 184825972.5636744,
  "doMes_03": -607.130615234375,
  "gnssId_03": 5,
  "svId_03": 4,
  "sigId_03": 0,
  "freqId_03": 0,
  "locktime_03": 64500,
  "cno_03": 36,
  "prStd_03": 5,
  "cpStd_03": 3,
  "doStd_03": 7,
  "prValid_03": 1,
  "cpValid_03": 1,
  "halfCyc_03": 1,
  "subHalfCyc_03": 1,
  "reserved3_03": 0,
  "prMes_04": 18031885.849899065,
  "cpMes_04": 94758179.75893533,
  "doMes_04": 350.78173828125,
  "gnssId_04": 0,
  "svId_04": 7,
  "sigId_04": 0,
  "freqId_04": 0,
  "locktime_04": 64500,
  "cno_04": 38,
  "prStd_04": 4,
  "cpStd_04": 3,
  "doStd_04": 7,
  "prValid_04": 1,
  "cpValid_04": 1,
  "halfCyc_04": 1,
  "subHalfCyc_04": 1,
  "reserved3_04": 0,
  "prMes_05": 22150440.47232155,
  "cpMes_05": 116401306.91931103,
  "doMes_05": -155.399658203125,
  "gnssId_05": 2,
  "svId_05": 24,
  "sigId_05": 0,
  "freqId_05": 0,
  "locktime_05": 64500,
  "cno_05": 44,
  "prStd_05": 3,
  "cpStd_05": 1,
  "doStd_05": 5,
  "prValid_05": 1,
  "cpValid_05": 1,
  "halfCyc_05": 1,
  "subHalfCyc_05": 0,
  "reserved3_05": 0,
  "prMes_06": 34829799.90076079,
  "cpMes_06": 181367990.23765266,
  "doMes_06": -1495.7738037109375,
  "gnssId_06": 3,
  "svId_06": 16,
  "sigId_06": 0,
  "freqId_06": 0,
  "locktime_06": 64500,
  "cno_06": 33,
  "prStd_06": 5,
  "cpStd_06": 5,
  "doStd_06": 8,
  "prValid_06": 1,
  "cpValid_06": 1,
  "halfCyc_06": 1,
  "subHalfCyc_06": 1,
  "reserved3_06": 0,
  "prMes_07": 20382090.721469294,
  "cpMes_07": 106134920.55944176,
  "doMes_07": -2251.670166015625,
  "gnssId_07": 3,
  "svId_07": 29,
  "sigId_07": 0,
  "freqId_07": 0,
  "locktime_07": 64500,
  "cno_07": 46,
  "prStd_07": 3,
  "cpStd_07": 1,
  "doStd_07": 5,
  "prValid_07": 1,
  "cpValid_07": 1,
  "halfCyc_07": 1,
  "subHalfCyc_07": 1,
  "reserved3_07": 0,
  "prMes_08": 35585098.423592255,
  "cpMes_08": 185300950.8507965,
  "doMes_08": -1729.7567138671875,
  "gnssId_08": 3,
  "svId_08": 39,
  "sigId_08": 0,
  "freqId_08": 0,
  "locktime_08": 53740,
  "cno_08": 29,
  "prStd_08": 6,
  "cpStd_08": 7,
  "doStd_08": 8,
  "prValid_08": 1,
  "cpValid_08": 1,
  "halfCyc_08": 1,
  "subHalfCyc_08": 1,
  "reserved3_08": 0,
  "prMes_09": 34722124.71669838,
  "cpMes_09": 180807569.87953606,
  "doMes_09": -792.064208984375,
  "gnssId_09": 3,
  "svId_09": 40,
  "sigId_09": 0,
  "freqId_09": 0,
  "locktime_09": 64500,
  "cno_09": 46,
  "prStd_09": 3,
  "cpStd_09": 1,
  "doStd_09": 6,
  "prValid_09": 1,
  "cpValid_09": 1,
  "halfCyc_09": 1,
  "subHalfCyc_09": 0,
  "reserved3_09": 0,
  "prMes_10": 34647917.94824452,
  "cpMes_10": 180420813.36511722,
  "doMes_10": -518.8408203125,
  "gnssId_10": 3,
  "svId_10": 10,
  "sigId_10": 0,
  "freqId_10": 0,
  "locktime_10": 64500,
  "cno_10": 29,
  "prStd_10": 6,
  "cpStd_10": 6,
  "doStd_10": 8,
  "prValid_10": 1,
  "cpValid_10": 1,
  "halfCyc_10": 1,
  "subHalfCyc_10": 1,
  "reserved3_10": 0,
  "prMes_11": 33691656.3290492,
  "cpMes_11": 175441294.96237597,
  "doMes_11": -978.707275390625,
  "gnssId_11": 3,
  "svId_11": 9,
  "sigId_11": 0,
  "freqId_11": 0,
  "locktime_11": 0,
  "cno_11": 26,
  "prStd_11": 8,
  "cpStd_11": 15,
  "doStd_11": 10,
  "prValid_11": 1,
  "cpValid_11": 0,
  "halfCyc_11": 0,
  "subHalfCyc_11": 0,
  "reserved3_11": 0,
  "prMes_12": 19440371.242688797,
  "cpMes_12": 103883449.85462342,
  "doMes_12": -1866.6942138671875,
  "gnssId_12": 6,
  "svId_12": 11,
  "sigId_12": 0,
  "freqId_12": 7,
  "locktime_12": 64500,
  "cno_12": 47,
  "prStd_12": 5,
  "cpStd_12": 1,
  "doStd_12": 5,
  "prValid_12": 1,
  "cpValid_12": 1,
  "halfCyc_12": 1,
  "subHalfCyc_12": 1,
  "reserved3_12": 0,
  "prMes_13": 18023743.96602921,
  "cpMes_13": 96414875.9389348,
  "doMes_13": 2473.833251953125,
  "gnssId_13": 6,
  "svId_13": 23,
  "sigId_13": 0,
  "freqId_13": 10,
  "locktime_13": 0,
  "cno_13": 25,
  "prStd_13": 9,
  "cpStd_13": 15,
  "doStd_13": 10,
  "prValid_13": 1,
  "cpValid_13": 0,
  "halfCyc_13": 0,
  "subHalfCyc_13": 0,
  "reserved3_13": 0,
  "prMes_14": 21140386.269022726,
  "cpMes_14": 112769478.2262939,
  "doMes_14": -4383.08837890625,
  "gnssId_14": 6,
  "svId_14": 255,
  "sigId_14": 0,
  "freqId_14": 2,
  "locktime_14": 13000,
  "cno_14": 42,
  "prStd_14": 5,
  "cpStd_14": 2,
  "doStd_14": 6,
  "prValid_14": 1,
  "cpValid_14": 1,
  "halfCyc_14": 1,
  "subHalfCyc_14": 1,
  "reserved3_14": 0,
  "prMes_15": 21857509.07049279,
  "cpMes_15": 116635856.15378085,
  "doMes_15": -2921.247314453125,
  "gnssId_15": 6,
  "svId_15": 2,
  "sigId_15": 0,
  "freqId_15": 3,
  "locktime_15": 0,
  "cno_15": 16,
  "prStd_15": 10,
  "cpStd_15": 15,
  "doStd_15": 12,
  "prValid_15": 1,
  "cpValid_15": 0,
  "halfCyc_15": 0,
  "subHalfCyc_15": 0,
  "reserved3_15": 0,
  "prMes_16": 20364022.74074936,
  "cpMes_16": 107013654.26172562,
  "doMes_16": -3162.943359375,
  "gnssId_16": 0,
  "svId_16": 8,
  "sigId_16": 0,
  "freqId_16": 0,
  "locktime_16": 64500,
  "cno_16": 44,
  "prStd_16": 3,
  "cpStd_16": 1,
  "doStd_16": 6,
  "prValid_16": 1,
  "cpValid_16": 1,
  "halfCyc_16": 1,
  "subHalfCyc_16": 1,
  "reserved3_16": 0,
  "prMes_17": 36715283.18586836,
  "cpMes_17": 192940436.5203864,
  "doMes_17": -940.4052734375,
  "gnssId_17": 5,
  "svId_17": 3,
  "sigId_17": 0,
  "freqId_17": 0,
  "locktime_17": 64500,
  "cno_17": 41,
  "prStd_17": 4,
  "cpStd_17": 2,
  "doStd_17": 7,
  "prValid_17": 1,
  "cpValid_17": 1,
  "halfCyc_17": 1,
  "subHalfCyc_17": 1,
  "reserved3_17": 0,
  "prMes_18": 34905053.233804084,
  "cpMes_18": 183427295.4402975,
  "doMes_18": -334.810546875,
  "gnssId_18": 5,
  "svId_18": 7,
  "sigId_18": 0,
  "freqId_18": 0,
  "locktime_18": 64500,
  "cno_18": 33,
  "prStd_18": 6,
  "cpStd_18": 4,
  "doStd_18": 8,
  "prValid_18": 1,
  "cpValid_18": 1,
  "halfCyc_18": 1,
  "subHalfCyc_18": 0,
  "reserved3_18": 0,
  "prMes_19": 22388802.873390667,
  "cpMes_19": 117654120.73865642,
  "doMes_19": -463.5634765625,
  "gnssId_19": 2,
  "svId_19": 12,
  "sigId_19": 0,
  "freqId_19": 0,
  "locktime_19": 64500,
  "cno_19": 43,
  "prStd_19": 4,
  "cpStd_19": 1,
  "doStd_19": 6,
  "prValid_19": 1,
  "cpValid_19": 1,
  "halfCyc_19": 1,
  "subHalfCyc_19": 0,
  "reserved3_19": 0,
  "prMes_20": 34283257.97271622,
  "cpMes_20": 178522112.67497772,
  "doMes_20": -572.85888671875,
  "gnssId_20": 3,
  "svId_20": 7,
  "sigId_20": 0,
  "freqId_20": 0,
  "locktime_20": 64500,
  "cno_20": 44,
  "prStd_20": 3,
  "cpStd_20": 1,
  "doStd_20": 6,
  "prValid_20": 1,
  "cpValid_20": 1,
  "halfCyc_20": 1,
  "subHalfCyc_20": 1,
  "reserved3_20": 0,
  "prMes_21": 34392893.46077204,
  "cpMes_21": 179092821.54231068,
  "doMes_21": -1418.0931396484375,
  "gnssId_21": 3,
  "svId_21": 6,
  "sigId_21": 0,
  "freqId_21": 0,
  "locktime_21": 0,
  "cno_21": 24,
  "prStd_21": 8,
  "cpStd_21": 15,
  "doStd_21": 10,