{
  "start_time": "2023-09-21 00:27:49",
  "rcvTow": 318484.992,
  "week": 2280,
  "leapS": 18,
  "numMeas": 51,
  "leapSec": 1,
  "clkReset": 0,
  "reserved1": 13836545,
  "prMes_01": 23842759.541209586,
  "cpMes_01": 125294672.59525618,
  "doMes_01": -1293.576904296875,
  "gnssId_01": 2,
  "svId_01": 31,
  "sigId_01": 0,
  "freqId_01": 0,
  "locktime_01": 64500,
  "cno_01": 43,
  "prStd_01": 4,
  "cpStd_01": 1,
  "doStd_01": 6,
  "prValid_01": 1,
  "cpValid_01": 1,
  "halfCyc_01": 1,
  "subHalfCyc_01": 0,
  "reserved3_01": 0,
  "prMes_02": 35022514.134497546,
  "cpMes_02": 184044600.475111,
  "doMes_02": -652.742919921875,
  "gnssId_02": 5,
  "svId_02": 4,
  "sigId_02": 0,
  "freqId_02": 0,
  "locktime_02": 64500,
  "cno_02": 43,
  "prStd_02": 3,
  "cpStd_02": 1,
  "doStd_02": 6,
  "prValid_02": 1,
  "cpValid_02": 1,
  "halfCyc_02": 1,
  "subHalfCyc_02": 1,
  "reserved3_02": 0,
  "prMes_03": 18197486.69014288,
  "cpMes_03": 95628422.98935649,
  "doMes_03": 1034.8642578125,
  "gnssId_03": 0,
  "svId_03": 7,
  "sigId_03": 0,
  "freqId_03": 0,
  "locktime_03": 64500,
  "cno_03": 36,
  "prStd_03": 5,
  "cpStd_03": 4,
  "doStd_03": 8,
  "prValid_03": 1,
  "cpValid_03": 1,
  "halfCyc_03": 1,
  "subHalfCyc_03": 1,
  "reserved3_03": 0,
  "prMes_04": 22116028.227484122,
  "cpMes_04": 116220471.05326319,
  "doMes_04": -141.56982421875,
  "gnssId_04": 2,
  "svId_04": 24,
  "sigId_04": 0,
  "freqId_04": 0,
  "locktime_04": 64500,
  "cno_04": 44,
  "prStd_04": 4,
  "cpStd_04": 1,
  "doStd_04": 6,
  "prValid_04": 1,
  "cpValid_04": 1,
  "halfCyc_04": 1,
  "subHalfCyc_04": 0,
  "reserved3_04": 0,
  "prMes_05": 34494468.763682984,
  "cpMes_05": 179621835.69722375,
  "doMes_05": -1318.19873046875,
  "gnssId_05": 3,
  "svId_05": 16,
  "sigId_05": 0,
  "freqId_05": 0,
  "locktime_05": 64500,
  "cno_05": 36,
  "prStd_05": 5,
  "cpStd_05": 3,
  "doStd_05": 8,
  "prValid_05": 1,
  "cpValid_05": 1,
  "halfCyc_05": 1,
  "subHalfCyc_05": 1,
  "reserved3_05": 0,
  "prMes_06": 19900213.321574368,
  "cpMes_06": 103625659.56361002,
  "doMes_06": -1777.399658203125,
  "gnssId_06": 3,
  "svId_06": 29,
  "sigId_06": 0,
  "freqId_06": 0,
  "locktime_06": 64500,
  "cno_06": 45,
  "prStd_06": 3,
  "cpStd_06": 1,
  "doStd_06": 5,
  "prValid_06": 1,
  "cpValid_06": 1,
  "halfCyc_06": 1,
  "subHalfCyc_06": 1,
  "reserved3_06": 0,
  "prMes_07": 35189012.45487006,
  "cpMes_07": 183238478.49709603,
  "doMes_07": -1592.6416015625,
  "gnssId_07": 3,
  "svId_07": 39,
  "sigId_07": 0,
  "freqId_07": 0,
  "locktime_07": 64500,
  "cno_07": 33,
  "prStd_07": 5,
  "cpStd_07": 5,
  "doStd_07": 8,
  "prValid_07": 1,
  "cpValid_07": 1,
  "halfCyc_07": 1,
  "subHalfCyc_07": 1,
  "reserved3_07": 0,
  "prMes_08": 34525233.652934775,
  "cpMes_08": 179782305.18198997,
  "doMes_08": -858.060791015625,
  "gnssId_08": 3,
  "svId_08": 40,
  "sigId_08": 0,
  "freqId_08": 0,
  "locktime_08": 64500,
  "cno_08": 48,
  "prStd_08": 3,
  "cpStd_08": 1,
  "doStd_08": 5,
  "prValid_08": 1,
  "cpValid_08": 1,
  "halfCyc_08": 1,
  "subHalfCyc_08": 0,
  "reserved3_08": 0,
  "prMes_09": 34518918.975866534,
  "cpMes_09": 179749050.59943163,
  "doMes_09": -561.5498046875,
  "gnssId_09": 3,
  "svId_09": 10,
  "sigId_09": 0,
  "freqId_09": 0,
  "locktime_09": 64500,
  "cno_09": 29,
  "prStd_09": 5,
  "cpStd_09": 6,
  "doStd_09": 7,
  "prValid_09": 1,
  "cpValid_09": 1,
  "halfCyc_09": 1,
  "subHalfCyc_09": 1,
  "reserved3_09": 0,
  "prMes_10": 33484282.481000297,
  "cpMes_10": 174361544.19572774,
  "doMes_10": -762.823486328125,
  "gnssId_10": 3,
  "svId_10": 9,
  "sigId_10": 0,
  "freqId_10": 0,
  "locktime_10": 64500,
  "cno_10": 33,
  "prStd_10": 5,
  "cpStd_10": 5,
  "doStd_10": 8,
  "prValid_10": 1,
  "cpValid_10": 1,
  "halfCyc_10": 1,
  "subHalfCyc_10": 1,
  "reserved3_10": 0,
  "prMes_11": 19067238.457587186,
  "cpMes_11": 101889538.53860967,
  "doMes_11": -1360.04150390625,
  "gnssId_11": 6,
  "svId_11": 11,
  "sigId_11": 0,
  "freqId_11": 7,
  "locktime_11": 64500,
  "cno_11": 51,
  "prStd_11": 5,
  "cpStd_11": 1,
  "doStd_11": 4,
  "prValid_11": 1,
  "cpValid_11": 1,
  "halfCyc_11": 1,
  "subHalfCyc_11": 1,
  "reserved3_11": 0,
  "prMes_12": 20160990.970996443,
  "cpMes_12": 107545083.06534162,
  "doMes_12": -4004.61865234375,
  "gnssId_12": 6,
  "svId_12": 255,
  "sigId_12": 0,
  "freqId_12": 2,
  "locktime_12": 3000,
  "cno_12": 37,
  "prStd_12": 6,
  "cpStd_12": 3,
  "doStd_12": 7,
  "prValid_12": 1,
  "cpValid_12": 1,
  "halfCyc_12": 0,
  "subHalfCyc_12": 0,
  "reserved3_12": 0,
  "prMes_13": 18688841.15124957,
  "cpMes_13": 99972697.64723265,
  "doMes_13": 3223.919677734375,
  "gnssId_13": 6,
  "svId_13": 23,
  "sigId_13": 0,
  "freqId_13": 10,
  "locktime_13": 0,
  "cno_13": 22,
  "prStd_13": 10,
  "cpStd_13": 15,
  "doStd_13": 12,
  "prValid_13": 1,
  "cpValid_13": 0,
  "halfCyc_13": 0,
  "subHalfCyc_13": 0,
  "reserved3_13": 0,
  "prMes_14": 19631688.369907744,
  "cpMes_14": 103165213.76535973,
  "doMes_14": -3023.306884765625,
  "gnssId_14": 0,
  "svId_14": 8,
  "sigId_14": 0,
  "freqId_14": 0,
  "locktime_14": 64500,
  "cno_14": 46,
  "prStd_14": 3,
  "cpStd_14": 1,
  "doStd_14": 6,
  "prValid_14": 1,
  "cpValid_14": 1,
  "halfCyc_14": 1,
  "subHalfCyc_14": 1,
  "reserved3_14": 0,
  "prMes_15": 36498707.80799095,
  "cpMes_15": 191802319.4636458,
  "doMes_15": -893.37158203125,
  "gnssId_15": 5,
  "svId_15": 3,
  "sigId_15": 0,
  "freqId_15": 0,
  "locktime_15": 64500,
  "cno_15": 45,
  "prStd_15": 3,
  "cpStd_15": 1,
  "doStd_15": 6,
  "prValid_15": 1,
  "cpValid_15": 1,
  "halfCyc_15": 1,
  "subHalfCyc_15": 1,
  "reserved3_15": 0,
  "prMes_16": 34826174.50899206,
  "cpMes_16": 183012792.306501,
  "doMes_16": -334.292724609375,
  "gnssId_16": 5,
  "svId_16": 7,
  "sigId_16": 0,
  "freqId_16": 0,
  "locktime_16": 64500,
  "cno_16": 31,
  "prStd_16": 6,
  "cpStd_16": 5,
  "doStd_16": 8,
  "prValid_16": 1,
  "cpValid_16": 1,
  "halfCyc_16": 1,
  "subHalfCyc_16": 0,
  "reserved3_16": 0,
  "prMes_17": 22349732.488998275,
  "cpMes_17": 117448799.76606329,
  "doMes_17": 129.77685546875,
  "gnssId_17": 2,
  "svId_17": 12,
  "sigId_17": 0,
  "freqId_17": 0,
  "locktime_17": 64500,
  "cno_17": 40,
  "prStd_17": 4,
  "cpStd_17": 2,
  "doStd_17": 7,
  "prValid_17": 1,
  "cpValid_17": 1,
  "halfCyc_17": 1,
  "subHalfCyc_17": 0,
  "reserved3_17": 0,
  "prMes_18": 34140592.475548774,
  "cpMes_18": 177779213.4582329,
  "doMes_18": -622.716064453125,
  "gnssId_18": 3,
  "svId_18": 7,
  "sigId_18": 0,
  "freqId_18": 0,
  "locktime_18": 64500,
  "cno_18": 43,
  "prStd_18": 3,
  "cpStd_18": 1,
  "doStd_18": 6,
  "prValid_18": 1,
  "cpValid_18": 1,
  "halfCyc_18": 1,
  "subHalfCyc_18": 1,
  "reserved3_18": 0,
  "prMes_19": 34077177.60174522,
  "cpMes_19": 177448896.62486604,
  "doMes_19": -1231.630859375,
  "gnssId_19": 3,
  "svId_19": 6,
  "sigId_19": 0,
  "freqId_19": 0,
  "locktime_19": 64500,
  "cno_19": 32,
  "prStd_19": 6,
  "cpStd_19": 6,
  "doStd_19": 8,
  "prValid_19": 1,
  "cpValid_19": 1,
  "halfCyc_19": 1,
  "subHalfCyc_19": 1,
  "reserved3_19": 0,
  "prMes_20": 17125570.58102974,
  "cpMes_20": 91417647.1629903,
  "doMes_20": -762.498291015625,
  "gnssId_20": 6,
  "svId_20": 22,
  "sigId_20": 0,
  "freqId_20": 4,
  "locktime_20": 64500,
  "cno_20": 45,
  "prStd_20": 5,
  "cpStd_20": 1,
  "doStd_20": 5,
  "prValid_20": 1,
  "cpValid_20": 1,
  "halfCyc_20": 1,
  "subHalfCyc_20": 1,
  "reserved3_20": 0,
  "prMes_21": 18342901.462946013,
  "cpMes_21": 97984443.14926754,
  "doMes_21": 1398.2545166015625,
  "gnssId_21": 6,
  "svId_21": 12,
  "sigId_21": 0,
  "freqId_21": 6,
  "locktime_21": 64500,
  "cno_21": 51,
  "prStd_21": 5,
  "cpStd_21": 1,
  "doStd_21": 4,