{
  "start_time": "2023-09-21 00:21:21",
  "rcvTow": 318096.992,
  "week": 2280,
  "leapS": 18,
  "numMeas": 52,
  "leapSec": 1,
  "clkReset": 0,
  "reserved1": 15171841,
  "prMes_01": 23747691.24175509,
  "cpMes_01": 124795083.44274515,
  "doMes_01": -1282.00634765625,
  "gnssId_01": 2,
  "svId_01": 31,
  "sigId_01": 0,
  "freqId_01": 0,
  "locktime_01": 64500,
  "cno_01": 43,
  "prStd_01": 4,
  "cpStd_01": 1,
  "doStd_01": 6,
  "prValid_01": 1,
  "cpValid_01": 1,
  "halfCyc_01": 1,
  "subHalfCyc_01": 0,
  "reserved3_01": 0,
  "prMes_02": 19987998.709132064,
  "cpMes_02": 105037661.4094173,
  "doMes_02": 2457.547607421875,
  "gnssId_02": 0,
  "svId_02": 30,
  "sigId_02": 0,
  "freqId_02": 0,
  "locktime_02": 12340,
  "cno_02": 23,
  "prStd_02": 8,
  "cpStd_02": 11,
  "doStd_02": 8,
  "prValid_02": 1,
  "cpValid_02": 1,
  "halfCyc_02": 1,
  "subHalfCyc_02": 0,
  "reserved3_02": 0,
  "prMes_03": 34973784.595994525,
  "cpMes_03": 183788521.63592473,
  "doMes_03": -666.976318359375,
  "gnssId_03": 5,
  "svId_03": 4,
  "sigId_03": 0,
  "freqId_03": 0,
  "locktime_03": 64500,
  "cno_03": 43,
  "prStd_03": 3,
  "cpStd_03": 2,
  "doStd_03": 6,
  "prValid_03": 1,
  "cpValid_03": 1,
  "halfCyc_03": 1,
  "subHalfCyc_03": 1,
  "reserved3_03": 0,
  "prMes_04": 18280942.5570208,
  "cpMes_04": 96066985.64933033,
  "doMes_04": 1223.9970703125,
  "gnssId_04": 0,
  "svId_04": 7,
  "sigId_04": 0,
  "freqId_04": 0,
  "locktime_04": 64500,
  "cno_04": 37,
  "prStd_04": 5,
  "cpStd_04": 3,
  "doStd_04": 7,
  "prValid_04": 1,
  "cpValid_04": 1,
  "halfCyc_04": 1,
  "subHalfCyc_04": 1,
  "reserved3_04": 0,
  "prMes_05": 22105525.621007886,
  "cpMes_05": 116165279.04110903,
  "doMes_05": -143.063232421875,
  "gnssId_05": 2,
  "svId_05": 24,
  "sigId_05": 0,
  "freqId_05": 0,
  "locktime_05": 64500,
  "cno_05": 46,
  "prStd_05": 3,
  "cpStd_05": 1,
  "doStd_05": 5,
  "prValid_05": 1,
  "cpValid_05": 1,
  "halfCyc_05": 1,
  "subHalfCyc_05": 0,
  "reserved3_05": 0,
  "prMes_06": 34398388.82889794,
  "cpMes_06": 179121523.55440646,
  "doMes_06": -1260.29833984375,
  "gnssId_06": 3,
  "svId_06": 16,
  "sigId_06": 0,
  "freqId_06": 0,
  "locktime_06": 64500,
  "cno_06": 37,
  "prStd_06": 4,
  "cpStd_06": 3,
  "doStd_06": 7,
  "prValid_06": 1,
  "cpValid_06": 1,
  "halfCyc_06": 1,
  "subHalfCyc_06": 1,
  "reserved3_06": 0,
  "prMes_07": 19774023.876970604,
  "cpMes_07": 102968558.31967695,
  "doMes_07": -1607.955078125,
  "gnssId_07": 3,
  "svId_07": 29,
  "sigId_07": 0,
  "freqId_07": 0,
  "locktime_07": 64500,
  "cno_07": 46,
  "prStd_07": 3,
  "cpStd_07": 1,
  "doStd_07": 5,
  "prValid_07": 1,
  "cpValid_07": 1,
  "halfCyc_07": 1,
  "subHalfCyc_07": 1,
  "reserved3_07": 0,
  "prMes_08": 35072095.28886159,
  "cpMes_08": 182629662.4828151,
  "doMes_08": -1545.4384765625,
  "gnssId_08": 3,
  "svId_08": 39,
  "sigId_08": 0,
  "freqId_08": 0,
  "locktime_08": 64500,
  "cno_08": 32,
  "prStd_08": 5,
  "cpStd_08": 4,
  "doStd_08": 8,
  "prValid_08": 1,
  "cpValid_08": 1,
  "halfCyc_08": 1,
  "subHalfCyc_08": 1,
  "reserved3_08": 0,
  "prMes_09": 34460691.236243606,
  "cpMes_09": 179446214.7818878,
  "doMes_09": -873.85595703125,
  "gnssId_09": 3,
  "svId_09": 40,
  "sigId_09": 0,
  "freqId_09": 0,
  "locktime_09": 64500,
  "cno_09": 48,
  "prStd_09": 3,
  "cpStd_09": 1,
  "doStd_09": 5,
  "prValid_09": 1,
  "cpValid_09": 1,
  "halfCyc_09": 1,
  "subHalfCyc_09": 0,
  "reserved3_09": 0,
  "prMes_10": 34476703.920960486,
  "cpMes_10": 179529221.99862552,
  "doMes_10": -570.7978515625,
  "gnssId_10": 3,
  "svId_10": 10,
  "sigId_10": 0,
  "freqId_10": 0,
  "locktime_10": 64500,
  "cno_10": 28,
  "prStd_10": 7,
  "cpStd_10": 7,
  "doStd_10": 8,
  "prValid_10": 1,
  "cpValid_10": 1,
  "halfCyc_10": 1,
  "subHalfCyc_10": 1,
  "reserved3_10": 0,
  "prMes_11": 33429898.909104183,
  "cpMes_11": 174078355.47874185,
  "doMes_11": -696.533203125,
  "gnssId_11": 3,
  "svId_11": 9,
  "sigId_11": 0,
  "freqId_11": 0,
  "locktime_11": 64500,
  "cno_11": 34,
  "prStd_11": 5,
  "cpStd_11": 4,
  "doStd_11": 8,
  "prValid_11": 1,
  "cpValid_11": 1,
  "halfCyc_11": 1,
  "subHalfCyc_11": 1,
  "reserved3_11": 0,
  "prMes_12": 18973737.442598496,
  "cpMes_12": 101389899.55077823,
  "doMes_12": -1216.680908203125,
  "gnssId_12": 6,
  "svId_12": 11,
  "sigId_12": 0,
  "freqId_12": 7,
  "locktime_12": 64500,
  "cno_12": 50,
  "prStd_12": 5,
  "cpStd_12": 1,
  "doStd_12": 4,
  "prValid_12": 1,
  "cpValid_12": 1,
  "halfCyc_12": 1,
  "subHalfCyc_12": 1,
  "reserved3_12": 0,
  "prMes_13": 19875599.20209023,
  "cpMes_13": 106022713.0697286,
  "doMes_13": -3838.8115234375,
  "gnssId_13": 6,
  "svId_13": 255,
  "sigId_13": 0,
  "freqId_13": 2,
  "locktime_13": 5000,
  "cno_13": 42,
  "prStd_13": 5,
  "cpStd_13": 2,
  "doStd_13": 6,
  "prValid_13": 1,
  "cpValid_13": 1,
  "halfCyc_13": 1,
  "subHalfCyc_13": 1,
  "reserved3_13": 0,
  "prMes_14": 18930260.04436927,
  "cpMes_14": 101264126.5354211,
  "doMes_14": 3423.615966796875,
  "gnssId_14": 6,
  "svId_14": 23,
  "sigId_14": 0,
  "freqId_14": 10,
  "locktime_14": 0,
  "cno_14": 23,
  "prStd_14": 9,
  "cpStd_14": 15,
  "doStd_14": 10,
  "prValid_14": 1,
  "cpValid_14": 0,
  "halfCyc_14": 0,
  "subHalfCyc_14": 0,
  "reserved3_14": 0,
  "prMes_15": 21005372.02392099,
  "cpMes_15": 112088689.41652642,
  "doMes_15": -2594.268798828125,
  "gnssId_15": 6,
  "svId_15": 2,
  "sigId_15": 0,
  "freqId_15": 3,
  "locktime_15": 0,
  "cno_15": 21,
  "prStd_15": 11,
  "cpStd_15": 15,
  "doStd_15": 12,
  "prValid_15": 1,
  "cpValid_15": 0,
  "halfCyc_15": 0,
  "subHalfCyc_15": 0,
  "reserved3_15": 0,
  "prMes_16": 19410979.021627232,
  "cpMes_16": 102005379.71759655,
  "doMes_16": -2952.804931640625,
  "gnssId_16": 0,
  "svId_16": 8,
  "sigId_16": 0,
  "freqId_16": 0,
  "locktime_16": 64500,
  "cno_16": 47,
  "prStd_16": 3,
  "cpStd_16": 1,
  "doStd_16": 5,
  "prValid_16": 1,
  "cpValid_16": 1,
  "halfCyc_16": 1,
  "subHalfCyc_16": 1,
  "reserved3_16": 0,
  "prMes_17": 36433363.60370226,
  "cpMes_17": 191458931.31328633,
  "doMes_17": -876.434326171875,
  "gnssId_17": 5,
  "svId_17": 3,
  "sigId_17": 0,
  "freqId_17": 0,
  "locktime_17": 64500,
  "cno_17": 44,
  "prStd_17": 3,
  "cpStd_17": 1,
  "doStd_17": 6,
  "prValid_17": 1,
  "cpValid_17": 1,
  "halfCyc_17": 1,
  "subHalfCyc_17": 1,
  "reserved3_17": 0,
  "prMes_18": 34801475.56245186,
  "cpMes_18": 182882998.89291546,
  "doMes_18": -334.7802734375,
  "gnssId_18": 5,
  "svId_18": 7,
  "sigId_18": 0,
  "freqId_18": 0,
  "locktime_18": 64500,
  "cno_18": 31,
  "prStd_18": 6,
  "cpStd_18": 5,
  "doStd_18": 8,
  "prValid_18": 1,
  "cpValid_18": 1,
  "halfCyc_18": 1,
  "subHalfCyc_18": 0,
  "reserved3_18": 0,
  "prMes_19": 22365996.636797257,
  "cpMes_19": 117534271.62894645,
  "doMes_19": 310.0498046875,
  "gnssId_19": 2,
  "svId_19": 12,
  "sigId_19": 0,
  "freqId_19": 0,
  "locktime_19": 64500,
  "cno_19": 37,
  "prStd_19": 5,
  "cpStd_19": 3,
  "doStd_19": 7,
  "prValid_19": 1,
  "cpValid_19": 1,
  "halfCyc_19": 1,
  "subHalfCyc_19": 0,
  "reserved3_19": 0,
  "prMes_20": 34093721.73779923,
  "cpMes_20": 177535142.21262425,
  "doMes_20": -635.108642578125,
  "gnssId_20": 3,
  "svId_20": 7,
  "sigId_20": 0,
  "freqId_20": 0,
  "locktime_20": 64500,
  "cno_20": 42,
  "prStd_20": 3,
  "cpStd_20": 2,
  "doStd_20": 6,
  "prValid_20": 1,
  "cpValid_20": 1,
  "halfCyc_20": 1,
  "subHalfCyc_20": 1,
  "reserved3_20": 0,
  "prMes_21": 33987663.69514992,
  "cpMes_21": 176982772.49585706,
  "doMes_21": -1171.195068359375,
  "gnssId_21": 3,
  "svId_21": 6,
  "sigId_21": 0,
  "freqId_21": 0,
  "locktime_21": 64500,
  "cno_21": 34,
  "prStd_21": 5,
  "cpStd_21": 4,
  "doStd_21": 8,