{
  "start_time": "2023-09-21 00:44:22",
  "rcvTow": 319477.993,
  "week": 2280,
  "leapS": 18,
  "numMeas": 52,
  "leapSec": 1,
  "clkReset": 0,
  "reserved1": 16386561,
  "prMes_01": 24091391.00390542,
  "cpMes_01": 126601242.52393457,
  "doMes_01": -1342.57568359375,
  "gnssId_01": 2,
  "svId_01": 31,
  "sigId_01": 0,
  "freqId_01": 0,
  "locktime_01": 64500,
  "cno_01": 42,
  "prStd_01": 4,
  "cpStd_01": 1,
  "doStd_01": 6,
  "prValid_01": 1,
  "cpValid_01": 1,
  "halfCyc_01": 1,
  "subHalfCyc_01": 0,
  "reserved3_01": 0,
  "prMes_02": 35142438.86451929,
  "cpMes_02": 184674822.71144518,
  "doMes_02": -616.613037109375,
  "gnssId_02": 5,
  "svId_02": 4,
  "sigId_02": 0,
  "freqId_02": 0,
  "locktime_02": 64500,
  "cno_02": 37,
  "prStd_02": 5,
  "cpStd_02": 3,
  "doStd_02": 7,
  "prValid_02": 1,
  "cpValid_02": 1,
  "halfCyc_02": 1,
  "subHalfCyc_02": 1,
  "reserved3_02": 0,
  "prMes_03": 18051781.39987582,
  "cpMes_03": 94862737.65390715,
  "doMes_03": 494.973876953125,
  "gnssId_03": 0,
  "svId_03": 7,
  "sigId_03": 0,
  "freqId_03": 0,
  "locktime_03": 64500,
  "cno_03": 38,
  "prStd_03": 5,
  "cpStd_03": 2,
  "doStd_03": 7,
  "prValid_03": 1,
  "cpValid_03": 1,
  "halfCyc_03": 1,
  "subHalfCyc_03": 1,
  "reserved3_03": 0,
  "prMes_04": 22143266.384803187,
  "cpMes_04": 116363608.92789389,
  "doMes_04": -149.989501953125,
  "gnssId_04": 2,
  "svId_04": 24,
  "sigId_04": 0,
  "freqId_04": 0,
  "locktime_04": 64500,
  "cno_04": 43,
  "prStd_04": 4,
  "cpStd_04": 1,
  "doStd_04": 6,
  "prValid_04": 1,
  "cpValid_04": 1,
  "halfCyc_04": 1,
  "subHalfCyc_04": 0,
  "reserved3_04": 0,
  "prMes_05": 34759679.1583066,
  "cpMes_05": 181002852.05963635,
  "doMes_05": -1461.5745849609375,
  "gnssId_05": 3,
  "svId_05": 16,
  "sigId_05": 0,
  "freqId_05": 0,
  "locktime_05": 64500,
  "cno_05": 34,
  "prStd_05": 5,
  "cpStd_05": 4,
  "doStd_05": 8,
  "prValid_05": 1,
  "cpValid_05": 1,
  "halfCyc_05": 1,
  "subHalfCyc_05": 1,
  "reserved3_05": 0,
  "prMes_06": 20277299.37065127,
  "cpMes_06": 105589243.42527188,
  "doMes_06": -2165.879150390625,
  "gnssId_06": 3,
  "svId_06": 29,
  "sigId_06": 0,
  "freqId_06": 0,
  "locktime_06": 64500,
  "cno_06": 46,
  "prStd_06": 3,
  "cpStd_06": 1,
  "doStd_06": 6,
  "prValid_06": 1,
  "cpValid_06": 1,
  "halfCyc_06": 1,
  "subHalfCyc_06": 1,
  "reserved3_06": 0,
  "prMes_07": 35503642.29038214,
  "cpMes_07": 184876794.06617585,
  "doMes_07": -1704.4698486328125,
  "gnssId_07": 3,
  "svId_07": 39,
  "sigId_07": 0,
  "freqId_07": 0,
  "locktime_07": 21420,
  "cno_07": 30,
  "prStd_07": 6,
  "cpStd_07": 6,
  "doStd_07": 8,
  "prValid_07": 1,
  "cpValid_07": 1,
  "halfCyc_07": 1,
  "subHalfCyc_07": 1,
  "reserved3_07": 0,
  "prMes_08": 34684198.38037735,
  "cpMes_08": 180610076.35723844,
  "doMes_08": -806.8838500976562,
  "gnssId_08": 3,
  "svId_08": 40,
  "sigId_08": 0,
  "freqId_08": 0,
  "locktime_08": 64500,
  "cno_08": 47,
  "prStd_08": 3,
  "cpStd_08": 1,
  "doStd_08": 5,
  "prValid_08": 1,
  "cpValid_08": 1,
  "halfCyc_08": 1,
  "subHalfCyc_08": 0,
  "reserved3_08": 0,
  "prMes_09": 34623065.08533939,
  "cpMes_09": 180291382.58106825,
  "doMes_09": -528.373291015625,
  "gnssId_09": 3,
  "svId_09": 10,
  "sigId_09": 0,
  "freqId_09": 0,
  "locktime_09": 64500,
  "cno_09": 29,
  "prStd_09": 6,
  "cpStd_09": 6,
  "doStd_09": 8,
  "prValid_09": 1,
  "cpValid_09": 1,
  "halfCyc_09": 1,
  "subHalfCyc_09": 1,
  "reserved3_09": 0,
  "prMes_10": 33646253.663459904,
  "cpMes_10": 175204871.25622654,
  "doMes_10": -935.66845703125,
  "gnssId_10": 3,
  "svId_10": 9,
  "sigId_10": 0,
  "freqId_10": 0,
  "locktime_10": 0,
  "cno_10": 26,
  "prStd_10": 8,
  "cpStd_10": 15,
  "doStd_10": 9,
  "prValid_10": 1,
  "cpValid_10": 0,
  "halfCyc_10": 0,
  "subHalfCyc_10": 0,
  "reserved3_10": 0,
  "prMes_11": 19356537.61007701,
  "cpMes_11": 103435462.18707396,
  "doMes_11": -1760.950927734375,
  "gnssId_11": 6,
  "svId_11": 11,
  "sigId_11": 0,
  "freqId_11": 7,
  "locktime_11": 64500,
  "cno_11": 50,
  "prStd_11": 5,
  "cpStd_11": 1,
  "doStd_11": 4,
  "prValid_11": 1,
  "cpValid_11": 1,
  "halfCyc_11": 1,
  "subHalfCyc_11": 1,
  "reserved3_11": 0,
  "prMes_12": 18141874.987122476,
  "cpMes_12": 97046797.51901115,
  "doMes_12": 2641.24365234375,
  "gnssId_12": 6,
  "svId_12": 23,
  "sigId_12": 0,
  "freqId_12": 10,
  "locktime_12": 0,
  "cno_12": 25,
  "prStd_12": 9,
  "cpStd_12": 15,
  "doStd_12": 12,
  "prValid_12": 1,
  "cpValid_12": 0,
  "halfCyc_12": 0,
  "subHalfCyc_12": 0,
  "reserved3_12": 0,
  "prMes_13": 20938707.007416524,
  "cpMes_13": 111693659.00965409,
  "doMes_13": -4326.21923828125,
  "gnssId_13": 6,
  "svId_13": 255,
  "sigId_13": 0,
  "freqId_13": 2,
  "locktime_13": 6000,
  "cno_13": 41,
  "prStd_13": 5,
  "cpStd_13": 2,
  "doStd_13": 6,
  "prValid_13": 1,
  "cpValid_13": 1,
  "halfCyc_13": 1,
  "subHalfCyc_13": 1,
  "reserved3_13": 0,
  "prMes_14": 20215752.665083118,
  "cpMes_14": 106234490.36182988,
  "doMes_14": -3144.84033203125,
  "gnssId_14": 0,
  "svId_14": 8,
  "sigId_14": 0,
  "freqId_14": 0,
  "locktime_14": 64500,
  "cno_14": 44,
  "prStd_14": 3,
  "cpStd_14": 1,
  "doStd_14": 6,
  "prValid_14": 1,
  "cpValid_14": 1,
  "halfCyc_14": 1,
  "subHalfCyc_14": 1,
  "reserved3_14": 0,
  "prMes_15": 36671279.89121128,
  "cpMes_15": 192709200.50617146,
  "doMes_15": -931.9945678710938,
  "gnssId_15": 5,
  "svId_15": 3,
  "sigId_15": 0,
  "freqId_15": 0,
  "locktime_15": 64500,
  "cno_15": 42,
  "prStd_15": 3,
  "cpStd_15": 1,
  "doStd_15": 6,
  "prValid_15": 1,
  "cpValid_15": 1,
  "halfCyc_15": 1,
  "subHalfCyc_15": 1,
  "reserved3_15": 0,
  "prMes_16": 34889341.133555025,
  "cpMes_16": 183344725.9406742,
  "doMes_16": -334.1650390625,
  "gnssId_16": 5,
  "svId_16": 7,
  "sigId_16": 0,
  "freqId_16": 0,
  "locktime_16": 64500,
  "cno_16": 32,
  "prStd_16": 6,
  "cpStd_16": 4,
  "doStd_16": 8,
  "prValid_16": 1,
  "cpValid_16": 1,
  "halfCyc_16": 1,
  "subHalfCyc_16": 0,
  "reserved3_16": 0,
  "prMes_17": 22369809.59404183,
  "cpMes_17": 117554312.45071349,
  "doMes_17": -344.356201171875,
  "gnssId_17": 2,
  "svId_17": 12,
  "sigId_17": 0,
  "freqId_17": 0,
  "locktime_17": 64500,
  "cno_17": 41,
  "prStd_17": 4,
  "cpStd_17": 2,
  "doStd_17": 6,
  "prValid_17": 1,
  "cpValid_17": 1,
  "halfCyc_17": 1,
  "subHalfCyc_17": 0,
  "reserved3_17": 0,
  "prMes_18": 34255813.18213383,
  "cpMes_18": 178379199.92427912,
  "doMes_18": -583.997802734375,
  "gnssId_18": 3,
  "svId_18": 7,
  "sigId_18": 0,
  "freqId_18": 0,
  "locktime_18": 64500,
  "cno_18": 44,
  "prStd_18": 3,
  "cpStd_18": 1,
  "doStd_18": 6,
  "prValid_18": 1,
  "cpValid_18": 1,
  "halfCyc_18": 1,
  "subHalfCyc_18": 1,
  "reserved3_18": 0,
  "prMes_19": 34326479.09396012,
  "cpMes_19": 178746984.04733628,
  "doMes_19": -1384.15771484375,
  "gnssId_19": 3,
  "svId_19": 6,
  "sigId_19": 0,
  "freqId_19": 0,
  "locktime_19": 0,
  "cno_19": 25,
  "prStd_19": 8,
  "cpStd_19": 15,
  "doStd_19": 10,
  "prValid_19": 1,
  "cpValid_19": 0,
  "halfCyc_19": 0,
  "subHalfCyc_19": 0,
  "reserved3_19": 0,
  "prMes_20": 17348333.36539494,
  "cpMes_20": 92606773.40823916,
  "doMes_20": -1622.1129150390625,
  "gnssId_20": 6,
  "svId_20": 22,
  "sigId_20": 0,
  "freqId_20": 4,
  "locktime_20": 64500,
  "cno_20": 47,
  "prStd_20": 5,
  "cpStd_20": 1,
  "doStd_20": 5,
  "prValid_20": 1,
  "cpValid_20": 1,
  "halfCyc_20": 1,
  "subHalfCyc_20": 1,
  "reserved3_20": 0,
  "prMes_21": 18099701.22870476,
  "cpMes_21": 96685316.97235751,
  "doMes_21": 1202.175537109375,
  "gnssId_21": 6,
  "svId_21": 12,
  "sigId_21": 0,
  "freqId_21": 6,
  "locktime_21": 64500,
  "cno_21": 43,
  "prStd_21": 5,
  "cpStd_21": 1,