{
  "start_time": "2023-09-21 00:14:13",
  "rcvTow": 317668.992,
  "week": 2280,
  "leapS": 18,
  "numMeas": 49,
  "leapSec": 1,
  "clkReset": 0,
  "reserved1": 6267137,
  "prMes_01": 23643633.698907945,
  "cpMes_01": 124248261.95403838,
  "doMes_01": -1273.8671875,
  "gnssId_01": 2,
  "svId_01": 31,
  "sigId_01": 0,
  "freqId_01": 0,
  "locktime_01": 64500,
  "cno_01": 42,
  "prStd_01": 4,
  "cpStd_01": 2,
  "doStd_01": 6,
  "prValid_01": 1,
  "cpValid_01": 1,
  "halfCyc_01": 1,
  "subHalfCyc_01": 0,
  "reserved3_01": 0,
  "prMes_02": 34918847.27403545,
  "cpMes_02": 183499819.541933,
  "doMes_02": -681.974853515625,
  "gnssId_02": 5,
  "svId_02": 4,
  "sigId_02": 0,
  "freqId_02": 0,
  "locktime_02": 64500,
  "cno_02": 43,
  "prStd_02": 3,
  "cpStd_02": 1,
  "doStd_02": 6,
  "prValid_02": 1,
  "cpValid_02": 1,
  "halfCyc_02": 1,
  "subHalfCyc_02": 1,
  "reserved3_02": 0,
  "prMes_03": 18388632.801807735,
  "cpMes_03": 96632905.27651578,
  "doMes_03": 1417.181396484375,
  "gnssId_03": 0,
  "svId_03": 7,
  "sigId_03": 0,
  "freqId_03": 0,
  "locktime_03": 64500,
  "cno_03": 36,
  "prStd_03": 6,
  "cpStd_03": 5,
  "doStd_03": 8,
  "prValid_03": 1,
  "cpValid_03": 1,
  "halfCyc_03": 1,
  "subHalfCyc_03": 1,
  "reserved3_03": 0,
  "prMes_04": 22093728.936398454,
  "cpMes_04": 116103286.22341663,
  "doMes_04": -146.7333984375,
  "gnssId_04": 2,
  "svId_04": 24,
  "sigId_04": 0,
  "freqId_04": 0,
  "locktime_04": 64500,
  "cno_04": 47,
  "prStd_04": 3,
  "cpStd_04": 1,
  "doStd_04": 5,
  "prValid_04": 1,
  "cpValid_04": 1,
  "halfCyc_04": 1,
  "subHalfCyc_04": 0,
  "reserved3_04": 0,
  "prMes_05": 34297512.56593465,
  "cpMes_05": 178596233.61082056,
  "doMes_05": -1194.001953125,
  "gnssId_05": 3,
  "svId_05": 16,
  "sigId_05": 0,
  "freqId_05": 0,
  "locktime_05": 64500,
  "cno_05": 38,
  "prStd_05": 4,
  "cpStd_05": 2,
  "doStd_05": 7,
  "prValid_05": 1,
  "cpValid_05": 1,
  "halfCyc_05": 1,
  "subHalfCyc_05": 1,
  "reserved3_05": 0,
  "prMes_06": 19649909.48836389,
  "cpMes_06": 102322259.03967908,
  "doMes_06": -1410.22265625,
  "gnssId_06": 3,
  "svId_06": 29,
  "sigId_06": 0,
  "freqId_06": 0,
  "locktime_06": 64500,
  "cno_06": 46,
  "prStd_06": 3,
  "cpStd_06": 1,
  "doStd_06": 5,
  "prValid_06": 1,
  "cpValid_06": 1,
  "halfCyc_06": 1,
  "subHalfCyc_06": 1,
  "reserved3_06": 0,
  "prMes_07": 34947352.55016208,
  "cpMes_07": 181980097.0035692,
  "doMes_07": -1489.9989013671875,
  "gnssId_07": 3,
  "svId_07": 39,
  "sigId_07": 0,
  "freqId_07": 0,
  "locktime_07": 64500,
  "cno_07": 36,
  "prStd_07": 5,
  "cpStd_07": 3,
  "doStd_07": 8,
  "prValid_07": 1,
  "cpValid_07": 1,
  "halfCyc_07": 1,
  "subHalfCyc_07": 1,
  "reserved3_07": 0,
  "prMes_08": 34388240.58685518,
  "cpMes_08": 179068946.05352294,
  "doMes_08": -888.451416015625,
  "gnssId_08": 3,
  "svId_08": 40,
  "sigId_08": 0,
  "freqId_08": 0,
  "locktime_08": 64500,
  "cno_08": 47,
  "prStd_08": 3,
  "cpStd_08": 1,
  "doStd_08": 5,
  "prValid_08": 1,
  "cpValid_08": 1,
  "halfCyc_08": 1,
  "subHalfCyc_08": 0,
  "reserved3_08": 0,
  "prMes_09": 34429406.46486985,
  "cpMes_09": 179282953.49021918,
  "doMes_09": -578.7744140625,
  "gnssId_09": 3,
  "svId_09": 10,
  "sigId_09": 0,
  "freqId_09": 0,
  "locktime_09": 0,
  "cno_09": 25,
  "prStd_09": 8,
  "cpStd_09": 15,
  "doStd_09": 10,
  "prValid_09": 1,
  "cpValid_09": 0,
  "halfCyc_09": 0,
  "subHalfCyc_09": 0,
  "reserved3_09": 0,
  "prMes_10": 33375670.040787224,
  "cpMes_10": 173795972.3045337,
  "doMes_10": -623.37646484375,
  "gnssId_10": 3,
  "svId_10": 9,
  "sigId_10": 0,
  "freqId_10": 0,
  "locktime_10": 64500,
  "cno_10": 35,
  "prStd_10": 5,
  "cpStd_10": 4,
  "doStd_10": 8,
  "prValid_10": 1,
  "cpValid_10": 1,
  "halfCyc_10": 1,
  "subHalfCyc_10": 1,
  "reserved3_10": 0,
  "prMes_11": 18882293.94069356,
  "cpMes_11": 100901256.32206684,
  "doMes_11": -1068.51904296875,
  "gnssId_11": 6,
  "svId_11": 11,
  "sigId_11": 0,
  "freqId_11": 7,
  "locktime_11": 64500,
  "cno_11": 49,
  "prStd_11": 5,
  "cpStd_11": 1,
  "doStd_11": 5,
  "prValid_11": 1,
  "cpValid_11": 1,
  "halfCyc_11": 1,
  "subHalfCyc_11": 1,
  "reserved3_11": 0,
  "prMes_12": 19211854.19526091,
  "cpMes_12": 102770464.50237983,
  "doMes_12": 3606.4453125,
  "gnssId_12": 6,
  "svId_12": 23,
  "sigId_12": 0,
  "freqId_12": 10,
  "locktime_12": 0,
  "cno_12": 22,
  "prStd_12": 9,
  "cpStd_12": 15,
  "doStd_12": 12,
  "prValid_12": 1,
  "cpValid_12": 0,
  "halfCyc_12": 0,
  "subHalfCyc_12": 0,
  "reserved3_12": 0,
  "prMes_13": 20804223.53749088,
  "cpMes_13": 111015322.75523718,
  "doMes_13": -2422.44921875,
  "gnssId_13": 6,
  "svId_13": 2,
  "sigId_13": 0,
  "freqId_13": 3,
  "locktime_13": 0,
  "cno_13": 13,
  "prStd_13": 10,
  "cpStd_13": 15,
  "doStd_13": 13,
  "prValid_13": 1,
  "cpValid_13": 0,
  "halfCyc_13": 0,
  "subHalfCyc_13": 0,
  "reserved3_13": 0,
  "prMes_14": 19174188.06362021,
  "cpMes_14": 100761031.18631752,
  "doMes_14": -2858.878173828125,
  "gnssId_14": 0,
  "svId_14": 8,
  "sigId_14": 0,
  "freqId_14": 0,
  "locktime_14": 64500,
  "cno_14": 46,
  "prStd_14": 3,
  "cpStd_14": 1,
  "doStd_14": 5,
  "prValid_14": 1,
  "cpValid_14": 1,
  "halfCyc_14": 1,
  "subHalfCyc_14": 1,
  "reserved3_14": 0,
  "prMes_15": 36362798.084165245,
  "cpMes_15": 191088106.23856875,
  "doMes_15": -856.28662109375,
  "gnssId_15": 5,
  "svId_15": 3,
  "sigId_15": 0,
  "freqId_15": 0,
  "locktime_15": 64500,
  "cno_15": 44,
  "prStd_15": 3,
  "cpStd_15": 1,
  "doStd_15": 6,
  "prValid_15": 1,
  "cpValid_15": 1,
  "halfCyc_15": 1,
  "subHalfCyc_15": 1,
  "reserved3_15": 0,
  "prMes_16": 34774227.90181401,
  "cpMes_16": 182739809.13313848,
  "doMes_16": -334.483642578125,
  "gnssId_16": 5,
  "svId_16": 7,
  "sigId_16": 0,
  "freqId_16": 0,
  "locktime_16": 64500,
  "cno_16": 31,
  "prStd_16": 6,
  "cpStd_16": 4,
  "doStd_16": 8,
  "prValid_16": 1,
  "cpValid_16": 1,
  "halfCyc_16": 1,
  "subHalfCyc_16": 0,
  "reserved3_16": 0,
  "prMes_17": 22399202.27718516,
  "cpMes_17": 117708760.88711578,
  "doMes_17": 504.0595703125,
  "gnssId_17": 2,
  "svId_17": 12,
  "sigId_17": 0,
  "freqId_17": 0,
  "locktime_17": 64500,
  "cno_17": 39,
  "prStd_17": 4,
  "cpStd_17": 2,
  "doStd_17": 7,
  "prValid_17": 1,
  "cpValid_17": 1,
  "halfCyc_17": 1,
  "subHalfCyc_17": 0,
  "reserved3_17": 0,
  "prMes_18": 34041050.42091462,
  "cpMes_18": 177260871.53699917,
  "doMes_18": -646.3123168945312,
  "gnssId_18": 3,
  "svId_18": 7,
  "sigId_18": 0,
  "freqId_18": 0,
  "locktime_18": 64500,
  "cno_18": 42,
  "prStd_18": 3,
  "cpStd_18": 1,
  "doStd_18": 6,
  "prValid_18": 1,
  "cpValid_18": 1,
  "halfCyc_18": 1,
  "subHalfCyc_18": 1,
  "reserved3_18": 0,
  "prMes_19": 33894196.9796112,
  "cpMes_19": 176496068.0624244,
  "doMes_19": -1102.894287109375,
  "gnssId_19": 3,
  "svId_19": 6,
  "sigId_19": 0,
  "freqId_19": 0,
  "locktime_19": 64500,
  "cno_19": 37,
  "prStd_19": 5,
  "cpStd_19": 3,
  "doStd_19": 7,
  "prValid_19": 1,
  "cpValid_19": 1,
  "halfCyc_19": 1,
  "subHalfCyc_19": 1,
  "reserved3_19": 0,
  "prMes_20": 17065140.20267981,
  "cpMes_20": 91095063.84918085,
  "doMes_20": -26.226072311401367,
  "gnssId_20": 6,
  "svId_20": 22,
  "sigId_20": 0,
  "freqId_20": 4,
  "locktime_20": 64500,
  "cno_20": 48,
  "prStd_20": 5,
  "cpStd_20": 1,
  "doStd_20": 5,
  "prValid_20": 1,
  "cpValid_20": 1,
  "halfCyc_20": 1,
  "subHalfCyc_20": 1,
  "reserved3_20": 0,
  "prMes_21": 18564326.649591386,
  "cpMes_21": 99167252.83755247,
  "doMes_21": 1491.5223388671875,
  "gnssId_21": 6,
  "svId_21": 12,
  "sigId_21": 0,
  "freqId_21": 6,
  "locktime_21": 64500,
  "cno_21": 53,
  "prStd_21": 5,
  "cpStd_21": 1,
  "doStd_21": 4,
  "prValid_21": 1,