{
  "start_time": "2023-09-21 00:16:40",
  "rcvTow": 317815.992,
  "week": 2280,
  "leapS": 18,
  "numMeas": 52,
  "leapSec": 1,
  "clkReset": 0,
  "reserved1": 10344705,
  "prMes_01": 23679299.75124329,
  "cpMes_01": 124435686.15673153,
  "doMes_01": -1275.975341796875,
  "gnssId_01": 2,
  "svId_01": 31,
  "sigId_01": 0,
  "freqId_01": 0,
  "locktime_01": 64500,
  "cno_01": 43,
  "prStd_01": 4,
  "cpStd_01": 1,
  "doStd_01": 6,
  "prValid_01": 1,
  "cpValid_01": 1,
  "halfCyc_01": 1,
  "subHalfCyc_01": 0,
  "reserved3_01": 0,
  "prMes_02": 20121310.37208738,
  "cpMes_02": 105738199.37589556,
  "doMes_02": 2528.297119140625,
  "gnssId_02": 0,
  "svId_02": 30,
  "sigId_02": 0,
  "freqId_02": 0,
  "locktime_02": 0,
  "cno_02": 25,
  "prStd_02": 8,
  "cpStd_02": 15,
  "doStd_02": 10,
  "prValid_02": 1,
  "cpValid_02": 0,
  "halfCyc_02": 0,
  "subHalfCyc_02": 0,
  "reserved3_02": 0,
  "prMes_03": 34937853.770039596,
  "cpMes_03": 183599700.80825973,
  "doMes_03": -676.8532104492188,
  "gnssId_03": 5,
  "svId_03": 4,
  "sigId_03": 0,
  "freqId_03": 0,
  "locktime_03": 64500,
  "cno_03": 43,
  "prStd_03": 3,
  "cpStd_03": 2,
  "doStd_03": 6,
  "prValid_03": 1,
  "cpValid_03": 1,
  "halfCyc_03": 1,
  "subHalfCyc_03": 1,
  "reserved3_03": 0,
  "prMes_04": 18349873.854033977,
  "cpMes_04": 96429226.31475568,
  "doMes_04": 1354.16259765625,
  "gnssId_04": 0,
  "svId_04": 7,
  "sigId_04": 0,
  "freqId_04": 0,
  "locktime_04": 64500,
  "cno_04": 34,
  "prStd_04": 5,
  "cpStd_04": 4,
  "doStd_04": 8,
  "prValid_04": 1,
  "cpValid_04": 1,
  "halfCyc_04": 1,
  "subHalfCyc_04": 1,
  "reserved3_04": 0,
  "prMes_05": 22097815.725182034,
  "cpMes_05": 116124763.12543564,
  "doMes_05": -145.19287109375,
  "gnssId_05": 2,
  "svId_05": 24,
  "sigId_05": 0,
  "freqId_05": 0,
  "locktime_05": 64500,
  "cno_05": 47,
  "prStd_05": 3,
  "cpStd_05": 1,
  "doStd_05": 5,
  "prValid_05": 1,
  "cpValid_05": 1,
  "halfCyc_05": 1,
  "subHalfCyc_05": 0,
  "reserved3_05": 0,
  "prMes_06": 34331547.303231634,
  "cpMes_06": 178773465.27641317,
  "doMes_06": -1216.664306640625,
  "gnssId_06": 3,
  "svId_06": 16,
  "sigId_06": 0,
  "freqId_06": 0,
  "locktime_06": 64500,
  "cno_06": 37,
  "prStd_06": 5,
  "cpStd_06": 3,
  "doStd_06": 7,
  "prValid_06": 1,
  "cpValid_06": 1,
  "halfCyc_06": 1,
  "subHalfCyc_06": 1,
  "reserved3_06": 0,
  "prMes_07": 19690701.438854977,
  "cpMes_07": 102534674.06335482,
  "doMes_07": -1479.3857421875,
  "gnssId_07": 3,
  "svId_07": 29,
  "sigId_07": 0,
  "freqId_07": 0,
  "locktime_07": 64500,
  "cno_07": 47,
  "prStd_07": 3,
  "cpStd_07": 1,
  "doStd_07": 5,
  "prValid_07": 1,
  "cpValid_07": 1,
  "halfCyc_07": 1,
  "subHalfCyc_07": 1,
  "reserved3_07": 0,
  "prMes_08": 34989683.6099276,
  "cpMes_08": 182200527.0574742,
  "doMes_08": -1508.7183837890625,
  "gnssId_08": 3,
  "svId_08": 39,
  "sigId_08": 0,
  "freqId_08": 0,
  "locktime_08": 64500,
  "cno_08": 34,
  "prStd_08": 5,
  "cpStd_08": 4,
  "doStd_08": 8,
  "prValid_08": 1,
  "cpValid_08": 1,
  "halfCyc_08": 1,
  "subHalfCyc_08": 1,
  "reserved3_08": 0,
  "prMes_09": 34413257.39497478,
  "cpMes_09": 179199214.53659427,
  "doMes_09": -883.7407836914062,
  "gnssId_09": 3,
  "svId_09": 40,
  "sigId_09": 0,
  "freqId_09": 0,
  "locktime_09": 64500,
  "cno_09": 47,
  "prStd_09": 3,
  "cpStd_09": 1,
  "doStd_09": 5,
  "prValid_09": 1,
  "cpValid_09": 1,
  "halfCyc_09": 1,
  "subHalfCyc_09": 0,
  "reserved3_09": 0,
  "prMes_10": 34445723.511468284,
  "cpMes_10": 179367920.69853023,
  "doMes_10": -576.86474609375,
  "gnssId_10": 3,
  "svId_10": 10,
  "sigId_10": 0,
  "freqId_10": 0,
  "locktime_10": 0,
  "cno_10": 25,
  "prStd_10": 8,
  "cpStd_10": 15,
  "doStd_10": 10,
  "prValid_10": 1,
  "cpValid_10": 0,
  "halfCyc_10": 0,
  "subHalfCyc_10": 0,
  "reserved3_10": 0,
  "prMes_11": 33393616.63080812,
  "cpMes_11": 173889427.10491017,
  "doMes_11": -648.03466796875,
  "gnssId_11": 3,
  "svId_11": 9,
  "sigId_11": 0,
  "freqId_11": 0,
  "locktime_11": 64500,
  "cno_11": 34,
  "prStd_11": 5,
  "cpStd_11": 4,
  "doStd_11": 8,
  "prValid_11": 1,
  "cpValid_11": 1,
  "halfCyc_11": 1,
  "subHalfCyc_11": 1,
  "reserved3_11": 0,
  "prMes_12": 18912367.896321848,
  "cpMes_12": 101061960.4541998,
  "doMes_12": -1118.084716796875,
  "gnssId_12": 6,
  "svId_12": 11,
  "sigId_12": 0,
  "freqId_12": 7,
  "locktime_12": 64500,
  "cno_12": 50,
  "prStd_12": 5,
  "cpStd_12": 1,
  "doStd_12": 5,
  "prValid_12": 1,
  "cpValid_12": 1,
  "halfCyc_12": 1,
  "subHalfCyc_12": 1,
  "reserved3_12": 0,
  "prMes_13": 19676873.635326132,
  "cpMes_13": 104962644.21469708,
  "doMes_13": -3703.928955078125,
  "gnssId_13": 6,
  "svId_13": 255,
  "sigId_13": 0,
  "freqId_13": 2,
  "locktime_13": 24000,
  "cno_13": 44,
  "prStd_13": 5,
  "cpStd_13": 1,
  "doStd_13": 6,
  "prValid_13": 1,
  "cpValid_13": 1,
  "halfCyc_13": 1,
  "subHalfCyc_13": 1,
  "reserved3_13": 0,
  "prMes_14": 19113473.143469274,
  "cpMes_14": 102244192.95022419,
  "doMes_14": 3549.122802734375,
  "gnssId_14": 6,
  "svId_14": 23,
  "sigId_14": 0,
  "freqId_14": 10,
  "locktime_14": 0,
  "cno_14": 25,
  "prStd_14": 9,
  "cpStd_14": 15,
  "doStd_14": 10,
  "prValid_14": 1,
  "cpValid_14": 0,
  "halfCyc_14": 0,
  "subHalfCyc_14": 0,
  "reserved3_14": 0,
  "prMes_15": 20871822.386413284,
  "cpMes_15": 111376043.23350823,
  "doMes_15": -2490.092529296875,
  "gnssId_15": 6,
  "svId_15": 2,
  "sigId_15": 0,
  "freqId_15": 3,
  "locktime_15": 0,
  "cno_15": 14,
  "prStd_15": 10,
  "cpStd_15": 15,
  "doStd_15": 13,
  "prValid_15": 1,
  "cpValid_15": 0,
  "halfCyc_15": 0,
  "subHalfCyc_15": 0,
  "reserved3_15": 0,
  "prMes_16": 19254645.08698687,
  "cpMes_16": 101183838.61738545,
  "doMes_16": -2893.056640625,
  "gnssId_16": 0,
  "svId_16": 8,
  "sigId_16": 0,
  "freqId_16": 0,
  "locktime_16": 64500,
  "cno_16": 46,
  "prStd_16": 3,
  "cpStd_16": 1,
  "doStd_16": 6,
  "prValid_16": 1,
  "cpValid_16": 1,
  "halfCyc_16": 1,
  "subHalfCyc_16": 1,
  "reserved3_16": 0,
  "prMes_17": 36386848.75546542,
  "cpMes_17": 191214492.7025834,
  "doMes_17": -863.3544311523438,
  "gnssId_17": 5,
  "svId_17": 3,
  "sigId_17": 0,
  "freqId_17": 0,
  "locktime_17": 64500,
  "cno_17": 44,
  "prStd_17": 3,
  "cpStd_17": 1,
  "doStd_17": 6,
  "prValid_17": 1,
  "cpValid_17": 1,
  "halfCyc_17": 1,
  "subHalfCyc_17": 1,
  "reserved3_17": 0,
  "prMes_18": 34783586.7334893,
  "cpMes_18": 182788987.85458326,
  "doMes_18": -334.758056640625,
  "gnssId_18": 5,
  "svId_18": 7,
  "sigId_18": 0,
  "freqId_18": 0,
  "locktime_18": 64500,
  "cno_18": 31,
  "prStd_18": 6,
  "cpStd_18": 5,
  "doStd_18": 8,
  "prValid_18": 1,
  "cpValid_18": 1,
  "halfCyc_18": 1,
  "subHalfCyc_18": 0,
  "reserved3_18": 0,
  "prMes_19": 22386018.348079022,
  "cpMes_19": 117639483.85505532,
  "doMes_19": 438.6386413574219,
  "gnssId_19": 2,
  "svId_19": 12,
  "sigId_19": 0,
  "freqId_19": 0,
  "locktime_19": 64500,
  "cno_19": 37,
  "prStd_19": 5,
  "cpStd_19": 3,
  "doStd_19": 7,
  "prValid_19": 1,
  "cpValid_19": 1,
  "halfCyc_19": 1,
  "subHalfCyc_19": 0,
  "reserved3_19": 0,
  "prMes_20": 34059243.98358799,
  "cpMes_20": 177355609.36774457,
  "doMes_20": -642.65625,
  "gnssId_20": 3,
  "svId_20": 7,
  "sigId_20": 0,
  "freqId_20": 0,
  "locktime_20": 64500,
  "cno_20": 42,
  "prStd_20": 3,
  "cpStd_20": 1,
  "doStd_20": 6,
  "prValid_20": 1,
  "cpValid_20": 1,
  "halfCyc_20": 1,
  "subHalfCyc_20": 1,
  "reserved3_20": 0,
  "prMes_21": 33925670.64365892,
  "cpMes_21": 176659958.13517174,
  "doMes_21": -1126.35986328125,
  "gnssId_21": 3,
  "svId_21": 6,
  "sigId_21": 0,
  "freqId_21": 0,
  "locktime_21": 64500,
  "cno_21": 36,
  "prStd_21": 5,
  "cpStd_21": 3,
  "doStd_21": 8,