{
  "start_time": "2023-09-21 00:52:41",
  "rcvTow": 319976.993,
  "week": 2280,
  "leapS": 18,
  "numMeas": 49,
  "leapSec": 1,
  "clkReset": 0,
  "reserved1": 9912833,
  "prMes_01": 24220491.895676132,
  "cpMes_01": 127279664.09928077,
  "doMes_01": -1377.296875,
  "gnssId_01": 2,
  "svId_01": 31,
  "sigId_01": 0,
  "freqId_01": 0,
  "locktime_01": 64500,
  "cno_01": 42,
  "prStd_01": 4,
  "cpStd_01": 1,
  "doStd_01": 6,
  "prValid_01": 1,
  "cpValid_01": 1,
  "halfCyc_01": 1,
  "subHalfCyc_01": 0,
  "reserved3_01": 0,
  "prMes_02": 19217033.194724794,
  "cpMes_02": 100986199.1649262,
  "doMes_02": 1794.819580078125,
  "gnssId_02": 0,
  "svId_02": 30,
  "sigId_02": 0,
  "freqId_02": 0,
  "locktime_02": 64500,
  "cno_02": 26,
  "prStd_02": 6,
  "cpStd_02": 9,
  "doStd_02": 8,
  "prValid_02": 1,
  "cpValid_02": 1,
  "halfCyc_02": 1,
  "subHalfCyc_02": 0,
  "reserved3_02": 0,
  "prMes_03": 35200086.99111155,
  "cpMes_03": 184977764.028672,
  "doMes_03": -597.33056640625,
  "gnssId_03": 5,
  "svId_03": 4,
  "sigId_03": 0,
  "freqId_03": 0,
  "locktime_03": 64500,
  "cno_03": 38,
  "prStd_03": 4,
  "cpStd_03": 2,
  "doStd_03": 7,
  "prValid_03": 1,
  "cpValid_03": 1,
  "halfCyc_03": 1,
  "subHalfCyc_03": 1,
  "reserved3_03": 0,
  "prMes_04": 18018658.640553486,
  "cpMes_04": 94688672.18297789,
  "doMes_04": 200.24241638183594,
  "gnssId_04": 0,
  "svId_04": 7,
  "sigId_04": 0,
  "freqId_04": 0,
  "locktime_04": 64500,
  "cno_04": 38,
  "prStd_04": 5,
  "cpStd_04": 3,
  "doStd_04": 7,
  "prValid_04": 1,
  "cpValid_04": 1,
  "halfCyc_04": 1,
  "subHalfCyc_04": 1,
  "reserved3_04": 0,
  "prMes_05": 22158036.988568477,
  "cpMes_05": 116441225.98243526,
  "doMes_05": -161.6962890625,
  "gnssId_05": 2,
  "svId_05": 24,
  "sigId_05": 0,
  "freqId_05": 0,
  "locktime_05": 64500,
  "cno_05": 45,
  "prStd_05": 3,
  "cpStd_05": 1,
  "doStd_05": 5,
  "prValid_05": 1,
  "cpValid_05": 1,
  "halfCyc_05": 1,
  "subHalfCyc_05": 0,
  "reserved3_05": 0,
  "prMes_06": 34902948.00408148,
  "cpMes_06": 181748795.00334665,
  "doMes_06": -1527.327392578125,
  "gnssId_06": 3,
  "svId_06": 16,
  "sigId_06": 0,
  "freqId_06": 0,
  "locktime_06": 45180,
  "cno_06": 32,
  "prStd_06": 6,
  "cpStd_06": 5,
  "doStd_06": 8,
  "prValid_06": 1,
  "cpValid_06": 1,
  "halfCyc_06": 1,
  "subHalfCyc_06": 1,
  "reserved3_06": 0,
  "prMes_07": 20493056.30853738,
  "cpMes_07": 106712748.35592377,
  "doMes_07": -2333.53271484375,
  "gnssId_07": 3,
  "svId_07": 29,
  "sigId_07": 0,
  "freqId_07": 0,
  "locktime_07": 64500,
  "cno_07": 47,
  "prStd_07": 3,
  "cpStd_07": 1,
  "doStd_07": 5,
  "prValid_07": 1,
  "cpValid_07": 1,
  "halfCyc_07": 1,
  "subHalfCyc_07": 1,
  "reserved3_07": 0,
  "prMes_08": 35669388.59340741,
  "cpMes_08": 185739870.77150103,
  "doMes_08": -1753.59619140625,
  "gnssId_08": 3,
  "svId_08": 39,
  "sigId_08": 0,
  "freqId_08": 0,
  "locktime_08": 64500,
  "cno_08": 28,
  "prStd_08": 6,
  "cpStd_08": 7,
  "doStd_08": 8,
  "prValid_08": 1,
  "cpValid_08": 1,
  "halfCyc_08": 1,
  "subHalfCyc_08": 1,
  "reserved3_08": 0,
  "prMes_09": 34760051.35078993,
  "cpMes_09": 181005064.10617998,
  "doMes_09": -775.337890625,
  "gnssId_09": 3,
  "svId_09": 40,
  "sigId_09": 0,
  "freqId_09": 0,
  "locktime_09": 64500,
  "cno_09": 45,
  "prStd_09": 3,
  "cpStd_09": 1,
  "doStd_09": 6,
  "prValid_09": 1,
  "cpValid_09": 1,
  "halfCyc_09": 1,
  "subHalfCyc_09": 0,
  "reserved3_09": 0,
  "prMes_10": 34672750.169915296,
  "cpMes_10": 180550124.47694954,
  "doMes_10": -507.5144348144531,
  "gnssId_10": 3,
  "svId_10": 10,
  "sigId_10": 0,
  "freqId_10": 0,
  "locktime_10": 64500,
  "cno_10": 28,
  "prStd_10": 6,
  "cpStd_10": 8,
  "doStd_10": 8,
  "prValid_10": 1,
  "cpValid_10": 1,
  "halfCyc_10": 1,
  "subHalfCyc_10": 1,
  "reserved3_10": 0,
  "prMes_11": 33740039.84809207,
  "cpMes_11": 175693240.76487488,
  "doMes_11": -1020.949951171875,
  "gnssId_11": 3,
  "svId_11": 9,
  "sigId_11": 0,
  "freqId_11": 0,
  "locktime_11": 0,
  "cno_11": 26,
  "prStd_11": 8,
  "cpStd_11": 15,
  "doStd_11": 10,
  "prValid_11": 1,
  "cpValid_11": 0,
  "halfCyc_11": 0,
  "subHalfCyc_11": 0,
  "reserved3_11": 0,
  "prMes_12": 19530966.424594592,
  "cpMes_12": 104367560.56566733,
  "doMes_12": -1975.7435302734375,
  "gnssId_12": 6,
  "svId_12": 11,
  "sigId_12": 0,
  "freqId_12": 7,
  "locktime_12": 64500,
  "cno_12": 47,
  "prStd_12": 5,
  "cpStd_12": 1,
  "doStd_12": 5,
  "prValid_12": 1,
  "cpValid_12": 1,
  "halfCyc_12": 1,
  "subHalfCyc_12": 1,
  "reserved3_12": 0,
  "prMes_13": 21996266.525994014,
  "cpMes_13": 117376292.60215917,
  "doMes_13": -2945.6748046875,
  "gnssId_13": 6,
  "svId_13": 2,
  "sigId_13": 0,
  "freqId_13": 3,
  "locktime_13": 0,
  "cno_13": 24,
  "prStd_13": 10,
  "cpStd_13": 15,
  "doStd_13": 12,
  "prValid_13": 1,
  "cpValid_13": 0,
  "halfCyc_13": 0,
  "subHalfCyc_13": 0,
  "reserved3_13": 0,
  "prMes_14": 20516039.13763051,
  "cpMes_14": 107812508.5794653,
  "doMes_14": -3176.101806640625,
  "gnssId_14": 0,
  "svId_14": 8,
  "sigId_14": 0,
  "freqId_14": 0,
  "locktime_14": 64500,
  "cno_14": 43,
  "prStd_14": 3,
  "cpStd_14": 2,
  "doStd_14": 6,
  "prValid_14": 1,
  "cpValid_14": 1,
  "halfCyc_14": 1,
  "subHalfCyc_14": 1,
  "reserved3_14": 0,
  "prMes_15": 36760545.324854195,
  "cpMes_15": 193178293.4822873,
  "doMes_15": -947.357177734375,
  "gnssId_15": 5,
  "svId_15": 3,
  "sigId_15": 0,
  "freqId_15": 0,
  "locktime_15": 64500,
  "cno_15": 41,
  "prStd_15": 4,
  "cpStd_15": 2,
  "doStd_15": 7,
  "prValid_15": 1,
  "cpValid_15": 1,
  "halfCyc_15": 1,
  "subHalfCyc_15": 1,
  "reserved3_15": 0,
  "prMes_16": 34921061.5295818,
  "cpMes_16": 183511418.18693548,
  "doMes_16": -333.73974609375,
  "gnssId_16": 5,
  "svId_16": 7,
  "sigId_16": 0,
  "freqId_16": 0,
  "locktime_16": 64500,
  "cno_16": 32,
  "prStd_16": 6,
  "cpStd_16": 5,
  "doStd_16": 8,
  "prValid_16": 1,
  "cpValid_16": 1,
  "halfCyc_16": 1,
  "subHalfCyc_16": 0,
  "reserved3_16": 0,
  "prMes_17": 22413928.419610474,
  "cpMes_17": 117786156.67873867,
  "doMes_17": -584.107666015625,
  "gnssId_17": 2,
  "svId_17": 12,
  "sigId_17": 0,
  "freqId_17": 0,
  "locktime_17": 64500,
  "cno_17": 44,
  "prStd_17": 3,
  "cpStd_17": 1,
  "doStd_17": 6,
  "prValid_17": 1,
  "cpValid_17": 1,
  "halfCyc_17": 1,
  "subHalfCyc_17": 0,
  "reserved3_17": 0,
  "prMes_18": 34310679.11657835,
  "cpMes_18": 178664901.04378492,
  "doMes_18": -560.26611328125,
  "gnssId_18": 3,
  "svId_18": 7,
  "sigId_18": 0,
  "freqId_18": 0,
  "locktime_18": 64500,
  "cno_18": 44,
  "prStd_18": 3,
  "cpStd_18": 1,
  "doStd_18": 6,
  "prValid_18": 1,
  "cpValid_18": 1,
  "halfCyc_18": 1,
  "subHalfCyc_18": 1,
  "reserved3_18": 0,
  "prMes_19": 34462380.61925472,
  "cpMes_19": 179454659.2967874,
  "doMes_19": -1454.556640625,
  "gnssId_19": 3,
  "svId_19": 6,
  "sigId_19": 0,
  "freqId_19": 0,
  "locktime_19": 0,
  "cno_19": 23,
  "prStd_19": 8,
  "cpStd_19": 15,
  "doStd_19": 10,
  "prValid_19": 1,
  "cpValid_19": 0,
  "halfCyc_19": 0,
  "subHalfCyc_19": 0,
  "reserved3_19": 0,
  "prMes_20": 17518925.698448215,
  "cpMes_20": 93517404.20045042,
  "doMes_20": -2023.3319091796875,
  "gnssId_20": 6,
  "svId_20": 22,
  "sigId_20": 0,
  "freqId_20": 4,
  "locktime_20": 64500,
  "cno_20": 50,
  "prStd_20": 5,
  "cpStd_20": 1,
  "doStd_20": 4,
  "prValid_20": 1,
  "cpValid_20": 1,
  "halfCyc_20": 1,
  "subHalfCyc_20": 1,
  "reserved3_20": 0,
  "prMes_21": 17993538.719489347,
  "cpMes_21": 96118209.63353841,
  "doMes_21": 1066.92578125,
  "gnssId_21": 6,
  "svId_21": 12,
  "sigId_21": 0,
  "freqId_21": 6,
  "locktime_21": 64500,
  "cno_21": 48,
  "prStd_21": 5,
  "cpStd_21": 1,
  "doStd_21": 5,