{
  "start_time": "2023-09-21 00:58:30",
  "rcvTow": 320325.993,
  "week": 2280,
  "leapS": 18,
  "numMeas": 49,
  "leapSec": 1,
  "clkReset": 0,
  "reserved1": 15370753,
  "prMes_01": 24312900.078005318,
  "cpMes_01": 127765258.9403974,
  "doMes_01": -1405.887939453125,
  "gnssId_01": 2,
  "svId_01": 31,
  "sigId_01": 0,
  "freqId_01": 0,
  "locktime_01": 64500,
  "cno_01": 41,
  "prStd_01": 4,
  "cpStd_01": 2,
  "doStd_01": 6,
  "prValid_01": 1,
  "cpValid_01": 1,
  "halfCyc_01": 1,
  "subHalfCyc_01": 0,
  "reserved3_01": 0,
  "prMes_02": 35239333.08104835,
  "cpMes_02": 185184005.99137035,
  "doMes_02": -584.562744140625,
  "gnssId_02": 5,
  "svId_02": 4,
  "sigId_02": 0,
  "freqId_02": 0,
  "locktime_02": 64500,
  "cno_02": 40,
  "prStd_02": 4,
  "cpStd_02": 2,
  "doStd_02": 7,
  "prValid_02": 1,
  "cpValid_02": 1,
  "halfCyc_02": 1,
  "subHalfCyc_02": 1,
  "reserved3_02": 0,
  "prMes_03": 18012443.679473873,
  "cpMes_03": 94656016.6966944,
  "doMes_03": -14.004638671875,
  "gnssId_03": 0,
  "svId_03": 7,
  "sigId_03": 0,
  "freqId_03": 0,
  "locktime_03": 64500,
  "cno_03": 36,
  "prStd_03": 5,
  "cpStd_03": 4,
  "doStd_03": 8,
  "prValid_03": 1,
  "cpValid_03": 1,
  "halfCyc_03": 1,
  "subHalfCyc_03": 1,
  "reserved3_03": 0,
  "prMes_04": 22169173.1691743,
  "cpMes_04": 116499747.46862605,
  "doMes_04": -174.23558044433594,
  "gnssId_04": 2,
  "svId_04": 24,
  "sigId_04": 0,
  "freqId_04": 0,
  "locktime_04": 64500,
  "cno_04": 45,
  "prStd_04": 3,
  "cpStd_04": 1,
  "doStd_04": 5,
  "prValid_04": 1,
  "cpValid_04": 1,
  "halfCyc_04": 1,
  "subHalfCyc_04": 0,
  "reserved3_04": 0,
  "prMes_05": 35006863.12697654,
  "cpMes_05": 182289919.4361224,
  "doMes_05": -1573.4571533203125,
  "gnssId_05": 3,
  "svId_05": 16,
  "sigId_05": 0,
  "freqId_05": 0,
  "locktime_05": 43760,
  "cno_05": 30,
  "prStd_05": 6,
  "cpStd_05": 7,
  "doStd_05": 9,
  "prValid_05": 1,
  "cpValid_05": 1,
  "halfCyc_05": 1,
  "subHalfCyc_05": 1,
  "reserved3_05": 0,
  "prMes_06": 20653070.837449525,
  "cpMes_06": 107545986.25875393,
  "doMes_06": -2439.991455078125,
  "gnssId_06": 3,
  "svId_06": 29,
  "sigId_06": 0,
  "freqId_06": 0,
  "locktime_06": 64500,
  "cno_06": 46,
  "prStd_06": 3,
  "cpStd_06": 1,
  "doStd_06": 5,
  "prValid_06": 1,
  "cpValid_06": 1,
  "halfCyc_06": 1,
  "subHalfCyc_06": 1,
  "reserved3_06": 0,
  "prMes_07": 35788002.895070136,
  "cpMes_07": 186357522.35972163,
  "doMes_07": -1784.666259765625,
  "gnssId_07": 3,
  "svId_07": 39,
  "sigId_07": 0,
  "freqId_07": 0,
  "locktime_07": 0,
  "cno_07": 26,
  "prStd_07": 8,
  "cpStd_07": 15,
  "doStd_07": 10,
  "prValid_07": 1,
  "cpValid_07": 0,
  "halfCyc_07": 0,
  "subHalfCyc_07": 0,
  "reserved3_07": 0,
  "prMes_08": 34811230.596369416,
  "cpMes_08": 181271569.4618855,
  "doMes_08": -751.728515625,
  "gnssId_08": 3,
  "svId_08": 40,
  "sigId_08": 0,
  "freqId_08": 0,
  "locktime_08": 64500,
  "cno_08": 44,
  "prStd_08": 3,
  "cpStd_08": 1,
  "doStd_08": 6,
  "prValid_08": 1,
  "cpValid_08": 1,
  "halfCyc_08": 1,
  "subHalfCyc_08": 0,
  "reserved3_08": 0,
  "prMes_09": 34706208.05005959,
  "cpMes_09": 180724368.15216604,
  "doMes_09": -490.884521484375,
  "gnssId_09": 3,
  "svId_09": 10,
  "sigId_09": 0,
  "freqId_09": 0,
  "locktime_09": 64500,
  "cno_09": 26,
  "prStd_09": 7,
  "cpStd_09": 10,
  "doStd_09": 8,
  "prValid_09": 1,
  "cpValid_09": 1,
  "halfCyc_09": 1,
  "subHalfCyc_09": 1,
  "reserved3_09": 0,
  "prMes_10": 33810485.555132106,
  "cpMes_10": 176060067.10308093,
  "doMes_10": -1080.572509765625,
  "gnssId_10": 3,
  "svId_10": 9,
  "sigId_10": 0,
  "freqId_10": 0,
  "locktime_10": 10460,
  "cno_10": 27,
  "prStd_10": 7,
  "cpStd_10": 8,
  "doStd_10": 8,
  "prValid_10": 1,
  "cpValid_10": 1,
  "halfCyc_10": 1,
  "subHalfCyc_10": 1,
  "reserved3_10": 0,
  "prMes_11": 19665031.10716351,
  "cpMes_11": 105083955.14663844,
  "doMes_11": -2129.951904296875,
  "gnssId_11": 6,
  "svId_11": 11,
  "sigId_11": 0,
  "freqId_11": 7,
  "locktime_11": 64500,
  "cno_11": 47,
  "prStd_11": 5,
  "cpStd_11": 1,
  "doStd_11": 5,
  "prValid_11": 1,
  "cpValid_11": 1,
  "halfCyc_11": 1,
  "subHalfCyc_11": 1,
  "reserved3_11": 0,
  "prMes_12": 17769457.82260701,
  "cpMes_12": 95054631.97446907,
  "doMes_12": 2045.7908935546875,
  "gnssId_12": 6,
  "svId_12": 23,
  "sigId_12": 0,
  "freqId_12": 10,
  "locktime_12": 7900,
  "cno_12": 27,
  "prStd_12": 7,
  "cpStd_12": 9,
  "doStd_12": 8,
  "prValid_12": 1,
  "cpValid_12": 1,
  "halfCyc_12": 1,
  "subHalfCyc_12": 1,
  "reserved3_12": 0,
  "prMes_13": 20727418.852009863,
  "cpMes_13": 108923312.81202838,
  "doMes_13": -3188.026611328125,
  "gnssId_13": 0,
  "svId_13": 8,
  "sigId_13": 0,
  "freqId_13": 0,
  "locktime_13": 64500,
  "cno_13": 43,
  "prStd_13": 3,
  "cpStd_13": 1,
  "doStd_13": 6,
  "prValid_13": 1,
  "cpValid_13": 1,
  "halfCyc_13": 1,
  "subHalfCyc_13": 1,
  "reserved3_13": 0,
  "prMes_14": 36823802.448898785,
  "cpMes_14": 193510710.77611148,
  "doMes_14": -957.16552734375,
  "gnssId_14": 5,
  "svId_14": 3,
  "sigId_14": 0,
  "freqId_14": 0,
  "locktime_14": 64500,
  "cno_14": 41,
  "prStd_14": 4,
  "cpStd_14": 2,
  "doStd_14": 7,
  "prValid_14": 1,
  "cpValid_14": 1,
  "halfCyc_14": 1,
  "subHalfCyc_14": 1,
  "reserved3_14": 0,
  "prMes_15": 34943199.90201876,
  "cpMes_15": 183627756.77362126,
  "doMes_15": -332.98291015625,
  "gnssId_15": 5,
  "svId_15": 7,
  "sigId_15": 0,
  "freqId_15": 0,
  "locktime_15": 64500,
  "cno_15": 32,
  "prStd_15": 6,
  "cpStd_15": 4,
  "doStd_15": 8,
  "prValid_15": 1,
  "cpValid_15": 1,
  "halfCyc_15": 1,
  "subHalfCyc_15": 0,
  "reserved3_15": 0,
  "prMes_16": 22458290.815737136,
  "cpMes_16": 118019284.08518514,
  "doMes_16": -751.306396484375,
  "gnssId_16": 2,
  "svId_16": 12,
  "sigId_16": 0,
  "freqId_16": 0,
  "locktime_16": 64500,
  "cno_16": 42,
  "prStd_16": 4,
  "cpStd_16": 1,
  "doStd_16": 6,
  "prValid_16": 1,
  "cpValid_16": 1,
  "halfCyc_16": 1,
  "subHalfCyc_16": 0,
  "reserved3_16": 0,
  "prMes_17": 34347644.41259055,
  "cpMes_17": 178857391.5881603,
  "doMes_17": -542.696533203125,
  "gnssId_17": 3,
  "svId_17": 7,
  "sigId_17": 0,
  "freqId_17": 0,
  "locktime_17": 64500,
  "cno_17": 44,
  "prStd_17": 3,
  "cpStd_17": 1,
  "doStd_17": 6,
  "prValid_17": 1,
  "cpValid_17": 1,
  "halfCyc_17": 1,
  "subHalfCyc_17": 1,
  "reserved3_17": 0,
  "prMes_18": 17659954.938256826,
  "cpMes_18": 94270229.14702858,
  "doMes_18": -2288.46044921875,
  "gnssId_18": 6,
  "svId_18": 22,
  "sigId_18": 0,
  "freqId_18": 4,
  "locktime_18": 64500,
  "cno_18": 48,
  "prStd_18": 5,
  "cpStd_18": 1,
  "doStd_18": 5,
  "prValid_18": 1,
  "cpValid_18": 1,
  "halfCyc_18": 1,
  "subHalfCyc_18": 1,
  "reserved3_18": 0,
  "prMes_19": 17927380.792073015,
  "cpMes_19": 95764807.32731575,
  "doMes_19": 956.1983032226562,
  "gnssId_19": 6,
  "svId_19": 12,
  "sigId_19": 0,
  "freqId_19": 6,
  "locktime_19": 64500,
  "cno_19": 49,
  "prStd_19": 5,
  "cpStd_19": 1,
  "doStd_19": 5,
  "prValid_19": 1,
  "cpValid_19": 1,
  "halfCyc_19": 1,
  "subHalfCyc_19": 1,
  "reserved3_19": 0,
  "prMes_20": 21284060.37610884,
  "cpMes_20": 113895185.09008953,
  "doMes_20": -4489.68798828125,
  "gnssId_20": 6,
  "svId_20": 21,
  "sigId_20": 0,
  "freqId_20": 11,
  "locktime_20": 64500,
  "cno_20": 41,
  "prStd_20": 5,
  "cpStd_20": 2,
  "doStd_20": 7,
  "prValid_20": 1,
  "cpValid_20": 1,
  "halfCyc_20": 1,
  "subHalfCyc_20": 1,
  "reserved3_20": 0,
  "prMes_21": 21889930.0358621,
  "cpMes_21": 115032533.90043372,
  "doMes_21": 617.615234375,
  "gnssId_21": 2,
  "svId_21": 10,
  "sigId_21": 0,
  "freqId_21": 0,
  "locktime_21": 64500,
  "cno_21": 45,
  "prStd_21": 3,
  "cpStd_21": 1,